ActiveNoBackup,AppearsInAutoDetection,Archive,Area,AreaID,AreaName,AutoDetected,BaR_MPX,BaR_Master,BaR_NFS_Client,BaR_Priority,BaR_STU,BaR_Special,BaR_Tier,BusinessGroup,CIFS,CachePermissions,CachedCells,CanSetUserQuota,Cell,CmodeAreaName,Created,CreatedTimeFull,DNSName,DataDeletionApproved,DaysUntilDeletion,DefaultUserQuota,Description,DetailedStatus,DisabledNotification,DisabledPeriod,Disk,DiskPool,DoNotTouch,DoNotTouchDate,Duration,DurationPendingApproval,ExpandedPermissions,ExpirationDate,ExpirationTimeFull,Exports,FSGroups,FSType,FSUsers,FileServer,GlobalPathPrefix,Grace,GracePeriod,InfoCollectionTime,Intelproject,IsCache,IsDummy,IsOnLEHN,IsTargetOfMigration,Kerberos,LIF,LastAccessed,LastAutoDetectedTime,LastModified,LastNotEmptyTime,LastNotEmptyUsage,LocalFullPath,LocalPathPrefix,MasterCopy,MaxDuration,MaxSize,MetaLunId,MetaLunName,MetaLunSize,MigrationTargetAreaID,Mirrors,MonitoringContacts,MonitoringThreshold,Mounts,NeedArchiving,NoBackup,NoShrink,NotAutoDetectedAttempts,Notification,OpsPerDay,Owner,OwnerWWIDs,Path,PendingPermissionsRequests,Permissions,PhysicalDeletionTime,Policies,Project,QSlot,RaidType,ReadOnly,ReplicationState,Replicators,RequestDate,RequestTimeFull,RequestedSize,Requester,Requirements,ScanDetail,ScanTime,SecondaryOwners,Size,SizeGB,SizePendingApproval,SizeTB,SnapshotPolicy,SnapshotSchedules,SpecialMonitoring,StateChangedTime,Status,StodFSPermissions,Stod_Type,StorageGroup,Tier,TopUsersMonitoring,Type,Unix_Mode,Usage,UsageGB,UsageTB,UserQuotaOn,Users,Utilization,WaitReason,WasInternalized,age0,age180,age30,age360,age540,age720,age90,autosize,autosize_increment,data_category,max_autosize,numfiles,sharedpool
false,true,,ias_estools,ibw.8028,ias_estools,false,1,,,0,,,1,ISG,false,,,true,ka,,08/06/2012,08/06/2012 08:03:24,,false,N/A,Unlimited,,Active,,21,vol1,,false,,,0, sticky,,,access=ka_admin:ka_prod_all:10.217.54.0/24 root=ka_admin,,Unix,build_ka,kaefs01a.ka.intel.com,,,,07/07/2014 18:03:53,,false,false,false,false,false,,,07/07/2014 19:24:03,,07/07/2014 18:03:53,206,,,,Unlimited,2048000,,,0,ibw.8209,,,0,/nfs/ka/disks/ias_estools-old,false,false,false,0,,25323.941,hschroed,11376492,/nfs/ka/disks/ias_estools-old,,build_ka:read write execute asd_git:read execute all:none  sticky,,,ias,,,true,none,,08/06/2012,08/06/2012 08:03:06,500,dleahy1,,,,hschroed,500,0.488,500,0.0,,,0,05/31/2014 23:31:08,Active,,false,,5,true,EMC,2750,206,0.201,0.0,true,hschroed,0.412,,false,0.0,0.0,0.0,0.0,0.0,0.0,0.0,,,,,181,
true,true,,ias_estools,ibw.8209,ias_estools,false,1,cmsbak002.isw.intel.com,,0,,,1,ISG,false,,,true,ka,,09/04/2012,09/04/2012 16:15:26,,false,N/A,Unlimited,,Active,,21,vol2,,false,,,0, sticky,,,rw=ka_admin:ka_prod_all:10.217.54.0/24 root=ka_admin access=ka_admin:ka_prod_all:10.217.54.0/24,,Unix,* build_ka drogers,kaefs01a.ka.intel.com,,,,07/07/2014 18:03:21,,false,false,false,false,false,,,07/07/2014 19:59:59,,07/07/2014 18:03:21,257337,,,,Unlimited,2048000,,,0,,,,0,/nfs/ka/disks/ias_estools,false,true,false,0,,1768075.172,hschroed,11376492,/nfs/ka/disks/ias_estools,,build_ka:read write execute asd_git:read execute all:read execute  sticky,,,ias,,,false,none,,09/04/2012,09/04/2012 16:00:38,512000,root,((FileServer=='kaefs01a.ka.intel.com') && (Disk=='vol2')),,,hschroed,512000,500.0,512000,0.488,,,0,,Active,,false,,5,true,EMC,2755,257337,251.306,0.245,true,hschroed,0.503,,false,0.0,0.0,0.0,0.0,0.0,0.0,0.0,,,,,8703542,
true,true,,ias_hw_releases_disk001,ibw.8024,ias_hw_releases_disk001,false,1,cmsbak002.isw.intel.com,,0,,,1,ISG,false,,,true,ka,,08/01/2012,08/01/2012 05:44:42,,false,N/A,Unlimited,,Active,,21,vol1,,false,,,0, sticky,,,rw=ka_admin:ka_prod_all root=ka_admin access=ka_admin:ka_prod_all,,Unix,akrmar * awilkens,kaefs01a.ka.intel.com,,,,07/07/2014 19:00:10,,false,false,false,false,false,,,07/07/2014 19:24:03,,07/07/2014 19:00:10,117404,,,,Unlimited,2048000,,,0,,,,0,/nfs/ka/disks/ias_hw_releases_disk001,false,true,false,0,,176323.79,hschroed,11376492,/nfs/ka/disks/ias_hw_releases_disk001,,awilkens:read write execute asd_all:read execute all:none  sticky,,,ias,,,false,none,,08/01/2012,08/01/2012 05:44:24,1024000,dleahy1,fileserver='kaefs01a.ka.intel.com',,,hschroed,1024000,1000.0,1024000,0.977,,,0,,Active,,false,,5,true,EMC,2750,117404,114.652,0.112,true,hschroed,0.115,,false,0.0,0.0,0.0,0.0,0.0,0.0,0.0,,,,,382953,
true,true,,ias_obs_pkt_disk001,ibw.7092,ias_obs_pkt_disk001,false,1,cmsbak002.isw.intel.com,,0,,No_Backup,1,ISG,false,,,true,ka,,03/09/2012,03/09/2012 13:24:15,,false,N/A,Unlimited,,Active,,21,vol1,,false,,,0, sticky,,,rw=ka_admin:ka_infrastructure:10.217.54.0/24 root=ka_admin:10.217.54.0/24 access=ka_admin:ka_infrastructure:10.217.54.0/24,,Unix,* obsrun aschaefe hschroed,kaefs01a.ka.intel.com,,,,07/07/2014 18:06:25,,false,false,false,false,false,,,07/07/2014 19:24:03,,07/07/2014 18:06:25,449305,,,,Unlimited,2048000,,,0,,,,0,/nfs/ka/disks/ias_obs_pkt_disk001,false,true,false,0,,30883.535,hschroed,11376492,/nfs/ka/disks/ias_obs_pkt_disk001,,hschroed:read write execute intelall:read write execute all:none  sticky,,,ias,,,false,none,,03/09/2012,03/09/2012 13:23:45,1048576,root,fileserver=='kaefs01a.ka.intel.com' && disk=='vol1',/nfs/site/gen/adm/disk_metrics/nfs-scan/data/ka/kaefs01a.ka.intel.com/vol1_ias_obs_pkt_disk001.gz,Tue Jun  5 21:20:03 2012,hschroed,1048576,1024.0,1048576,1.0,,,0,,Active,,false,,5,true,EMC,2770,449305,438.774,0.428,true,hschroed,0.428,,false,103896.93,0.0,67614.891,0.0,0.0,0.0,0.0,,,,,800858,
true,true,,ias_obs_vm_disk001,ibw.7126,ias_obs_vm_disk001,false,1,cmsbak002.isw.intel.com,,0,,No_Backup,1,ISG,false,,,true,ka,,03/13/2012,03/13/2012 12:34:48,,false,N/A,Unlimited,,Active,,21,vol1,,false,,,0, sticky,,,rw=ka_admin:10.217.54.0/24 root=ka_admin:10.217.54.0/24 access=ka_admin:10.217.54.0/24,,Unix,root,kaefs01a.ka.intel.com,,,,07/07/2014 19:10:54,,false,false,false,false,false,,,07/07/2014 19:24:03,,07/07/2014 19:10:54,133007,,,,Unlimited,2048000,,,0,,,,0,/nfs/ka/disks/ias_obs_vm,false,true,false,0,,176330.808,hschroed,11376492,/nfs/ka/disks/ias_obs_vm,,root:read write execute intelall:read write execute all:none  sticky,,,ias,,,false,none,,03/13/2012,03/13/2012 12:34:15,768000,root,fileserver=='kaefs01a.ka.intel.com' && disk=='vol1',/nfs/site/gen/adm/disk_metrics/nfs-scan/data/ka/kaefs01a.ka.intel.com/vol1_ias_obs_vm_disk001.gz,Tue Jun  5 21:58:27 2012,hschroed,768000,750.0,768000,0.732,,,0,,Active,,false,,5,true,EMC,2770,133007,129.89,0.127,true,hschroed,0.173,,false,160124.133,0.0,39454.453,0.0,0.0,0.0,0.0,,,,,52,
false,true,,iul_ec_gen_platforms,ibw.7904,iul_ec_gen_platforms,false,1,cmsbak002.isw.intel.com,,0,kasbak001-MSDP,Backup_Local,6,IT,false,,,true,ka,,06/26/2012,06/26/2012 16:18:30,,false,N/A,Unlimited,,Active,,21,vol0,aggr0,false,,,0,,,,-sec=sys ro=10.217.54.0/24 rw=@ka_admin:@ka_prod_all root=@ka_admin,,Unix,* root 48842,kanap01a.ka.intel.com,,,,07/07/2014 19:19:41,,false,false,false,false,false,,,07/07/2014 19:43:01,,07/07/2014 19:19:41,0,,,,Unlimited,Unlimited,,,0,,,,0,/nfs/ka/gen/platforms,false,false,false,0,,137.999,aschaefe,10661073,/nfs/ka/gen/platforms,,48842:read write execute 32663:read execute all:read execute ,,,EC,,,false,none,,06/26/2012,06/26/2012 16:18:19,100,root,fileserver=='kanap01a.ka.intel.com' && disk=='vol0',,,aschaefe,100,0.098,100,0.0,,,0,,Active,,false,,2,true,NETAPP,755,0,0.0,0.0,true,aschaefe,0.0,,false,0.0,0.0,0.0,0.0,0.0,0.0,0.0,,,,,2,
true,true,,ka-asd_ll_development,ibw.8019,ka-asd_ll_development,false,1,cmsbak002.isw.intel.com,,0,,,1,ISG,false,,,true,ka,,07/31/2012,07/31/2012 13:12:38,,false,N/A,Unlimited,,Active,,21,vol2,,false,,,0, sticky,,,access=ka_admin:ka_prod_all:10.217.54.0/24 rw=ka_admin:ka_prod_all:10.217.54.0/24 root=ka_admin,,Unix,abelandr dvanhols ascarlax bachaue1 * npatil3 mschuett schmidtm jdfellei,kaefs01a.ka.intel.com,,,,07/07/2014 18:05:30,,false,false,false,false,false,,,07/07/2014 19:59:59,,07/07/2014 18:05:30,40517,,,,Unlimited,2048000,,,0,,,,0,/nfs/ka/disks/asd_ll_development,false,true,false,0,,1869630.563,jdfellei,11380376,/nfs/ka/disks/asd_ll_development,,jdfellei:read write execute asd_llsw:read write execute all:none  sticky,,,ias,,,false,none,,07/31/2012,07/31/2012 13:12:18,153600,root,Fileserver='kaefs01a.ka.intel.com' && Disk='vol2',,,jdfellei,153600,150.0,153600,0.146,,,0,,Active,,false,,5,true,EMC,2770,40517,39.567,0.039,true,jdfellei,0.264,,false,0.0,0.0,0.0,0.0,0.0,0.0,0.0,,,,,416722,
false,true,,ka-asd_obs_proj_backup,ir.11035,ka-asd_obs_proj_backup,false,1,,,0,,,1,ASD,false,,,true,ka,,09/27/2013,09/27/2013 09:50:03,,false,N/A,Unlimited,,Active,,21,vol3,,false,,,0, sticky,,,rw=ka_admin:ka_prod_all:10.217.54.0/24 access=ka_admin:ka_prod_all:10.217.54.0/24 root=ka_admin,,Unix,* build_ka drogers,kaefs01a.ka.intel.com,,,,07/07/2014 17:58:10,,false,false,false,false,false,,,07/07/2014 19:11:01,,07/07/2014 17:58:10,335181,,,,Unlimited,2048000,,,0,,,,0,/nfs/ka/disks/obs_proj_backup,false,false,false,0,,2354.778,drogers,11269112,/nfs/ka/disks/obs_proj_backup,,drogers:read write execute asd_all:read write execute all:none  sticky,,,kendrick_peak,,,false,none,,09/27/2013,09/27/2013 09:49:46,512000,aloss,Fileserver='kaefs01a.ka.intel.com' && Disk='vol3',,,drogers,512000,500.0,512000,0.488,,,0,,Active,,false,,5,true,EMC,2770,335181,327.325,0.32,true,drogers,0.655,,false,0.0,0.0,0.0,0.0,0.0,0.0,0.0,,,,,367,
true,true,,ka-gen-adm-ec_global,ibw.8526,ka-gen-adm-ec_global,false,1,cmsbak002.isw.intel.com,,0,kasbak001-MSDP,,6,IT,false,,,true,ka,,11/15/2012,11/15/2012 08:15:00,,true,21,Unlimited,,Disabled (Auto delete),,21,vol0,aggr0,false,,,0,,,,-sec=sys rw=@irvstart001.ir.intel.com root=@irvstart001.ir.intel.com,,Unix,* root,kanap01a.ka.intel.com,,,,07/07/2014 18:01:41,,false,false,false,false,false,,,07/07/2014 19:43:01,,07/07/2014 18:01:41,0,,,,Unlimited,Unlimited,,,0,,,,0,/nfs/ka/gen/adm/ec_global,false,false,false,0,,0.0,aloss,10668401,/nfs/ka/gen/adm/ec_global,,root:read write execute intelall:read write execute all:none ,07/07/2014 07:30:10,,EC,,,false,none,,11/15/2012,11/15/2012 08:14:47,2048,root,Fileserver='kanap01a.ka.intel.com' && Disk='vol0',,,aloss,2048,2.0,2048,0.002,,,0,07/06/2014 23:30:10,Disabled (Auto delete),,false,,2,true,NETAPP,770,0,0.0,0.0,true,aloss,0.0,,false,0.0,0.0,0.0,0.0,0.0,0.0,0.0,,,,,1,
false,true,,ka-gen_adm_ec_global,ibw.8532,ka-gen_adm_ec_global,false,1,cmsbak002.isw.intel.com,,0,kasbak001-MSDP,,6,IT,false,,,true,ka,,11/16/2012,11/16/2012 08:58:33,,false,N/A,Unlimited,,Active,,21,vol0,aggr0,false,,,0, sticky,,,-sec=sys rw=@ka_admin:@ka_prod_all root=@ka_admin,,Unix,svdeshab 10717961 root ryair 39030 * 21594 21238 ovgumeny 24067 23361 10642322 10081521 10676107 51436,kanap01a.ka.intel.com,,,,07/07/2014 18:06:05,,false,false,false,false,false,,,07/07/2014 19:43:01,,07/07/2014 18:06:05,1290,,,,Unlimited,Unlimited,,,0,,,,0,/nfs/ka/disks/ec_global,false,false,false,0,,1.0,aloss,10668401,/nfs/ka/disks/ec_global,,root:read write execute ecglobal:read write execute all:read execute  sticky,,,EC,,,false,none,,11/16/2012,11/16/2012 08:58:24,2048,root,Fileserver='kanap01a.ka.intel.com' && Disk='vol0',,,aloss,2048,2.0,2048,0.002,,,0,,Active,,false,,2,true,NETAPP,2775,1290,1.26,0.001,true,aloss,0.63,,false,0.0,0.0,0.0,0.0,0.0,0.0,0.0,,,,,7692,
false,true,,ka-home-disk001,ibw.6862,ka-home-disk001,false,1,cmsbak002.isw.intel.com,,0,kasbak001-MSDP,Backup_Duplication,6,IT,false,,,true,ka,,01/30/2012,01/30/2012 15:03:13,,false,N/A,Unlimited,,Active,,21,vol0,aggr0,false,,,0,,,,-sec=sys rw=@ka_admin:@ka_prod_all:10.217.54.0/24 root=@ka_admin,,Unix,bng9 mustafa lfbaker tlim18 dpjohns1 ygibaly suihaich huangl jartamox dsomavar blturkot cng38x yzhou81 wtoo aferna5 gsmurugi jraman1 jktaylor zyigal htan39 msieczk kogorman phearith reghurax ibinyami oocampo1 yromano komar2 * predkar pplower rvpenmat acohade rbrody svenkat2 mjadams sskekare siewgohl bvelikan nhe iszuca gkern holahanj tomm prupasin fcordobx nzitron nabdull7 mgolantx holahanf wchilins nketinen abezrodx nkurokaw rhinton cheow sys_kwkr wquek tmorrow spda cheryink rfpotrax mmirkin aspinux ychen89 rcopelan pcbhat sbatllor mdoerbec mmudiger varunksh yzhou79 aschaefe chlopez alinalev magnuson hkweh ynahmany enursex root eeroesle ralfseng rakeshbh pchochol fpenczek anuragha mhahn1 akrmar dclark2 bjreed doriseem ttschlue jrangel jdlugole ykang10 mszczach lbaskin zhibosun snatara ivinik tseegert lganter peiseelx sydharma xchen79 dleahy1 nbmonitor gukamelo ghe8 rzayfman omark mespinoz mmayeh steved pcelliot vieffwq 11406883 brhovis ndnaegle omakinde dbradle1 asip wadee mclandiv vijaypra wagnerst sabasset laycheng wrodziew jtharmal dmrosier pfmahone gooishin flexadm abaner2 wharris kgoh3 gtramos 10582840 sdoron drosales iramirez astead mferguso srosenth watao kasarkez song5 wanpingx msmasran phg pkkanuko sukanyan athau dbonora viefts tohshita mmipadmn mellisox rvenka3 mgalcax mlevi dselvana kczapla vieftool pteo tyu2 tharrisx lparrago sdiatte sys_gitidg mfarooq mhoffma1 ecam_usr jnmeyer elee6 pszymans ashah bswales pmochock stefange rnaseer steves sorin ekfir btappleq soneil3 jfcamach jolarret agyapals ghwebbx jblarocc jskupnja taalpert ralley mwknop jcarvaja htadikon glmcgee dtrawins smithcra jpa ecalo vijayksx tuanado ianchang bquerbac cenex aasbulla kseifrie sbiradax jhirby vcorfux pmossah ychen13 mkbaskar wkuczynx ccdoint wmchardy speraba pcuser kjgamach alenero cvo hgandham mjmcgurl thuang10 nitzanin dphang djackso2 kchoo4 yshabi ssaladi rpeled pniegows vvfrolov asinha6 shlomoa boonsian pratikdp zkadi nchaplot jjdesai mneumann omulla rn4 sys_segprojc erverast amuhring kagoh sumangal lbuczkox bwerst1 patinira xzeng kennethn bnirenbe absapra mabutali smsajid hnguye6 fneumann gjthomps piotrres ctvu jaisabra jcvenega cxi schan15 rsbaker tmnguye3 ikantoro rlcarls1 vidhyabh drusso jfaguile smpruett sys_nb wzahnerc pfarr8x jabuteir agiering vsujathx pszczesn kkuah svayuveg jacascan jmfava berndbit abelandr miyengar sbfoster abchen1 msmailys olovaszi ksafford wangw3 fperetti bspitzba crsolano pato lhannemx ldawidux ankitgoe cpark3 bscherka gwsmith jgbennet dbindl lmontero harshava ischneid ascarlax smarell1 fsanche1 uselmxfr dto2 leebooil jpetsing mjjuenem dpotapov isajwani indrachx sagummad miguelaa knatrosh ejkitows sooi14 stevefon arozen2x dmcerlea bjduenas cbabji klanning mschuett calimaye knataraj lr1 aherden achabras shughes1 lamata pteh4 melassa cbittigh nhpeirc yanivcoh tikyong jsia ecscan jkwiatko ssankura dmdelacy rramanat wchuang kchin daarmstr 11268249 gmalone1 ktadikam blung mgopal skreddys rnicolau jgoh15 agoldis stan55 kjhoig mnbayaa stan50 abondar plavin1 usriniva ewiener mkolakow jmblacke msanabr1 stan59 mldhada 11434409 abalacha schuan10 vpopescx skolchur lab_bfadmin ssingh lwierzch ddixon1 lnguyen2 tkrawiec kzach rchaturv krb_mon2 krb_mon1 fgerneth mklapins ybaranov ncduong tcouniha makhader gmaloney nsolanoh aabdulmu ryair yssisodi tschultz mryan6 abarton avteresc ecrestore viefifw gajohnso mssane dbalasub cfong8 hkedarna rjammala juimonen seowjiet tnsondag 10556946 mlifshit kvjx jmwells1 mdauner2 vkpm eiherrer vgarg mlipinsx ygnanasa laurafue dmarkhas sstatler ochenx mlipinsk vupadhya tanand smasri mfonse2 cling3 plecluse dsanka sfprocax mnigri goz mschweik phack gnavarr1 dacamach sgulteki siriholl asthirun avabhyan knrahman nnataraj ovgumeny mbcallaw dlee maseidel asuhai1x jzhang2 chall dkrueger uschumac nroychow mmohrinx lsaw3 mysx ipwrosz gvancuts pvashist ppadamcz xmda hkansara srtapex sbmale wriggs kumarran jspratt cvchandr asd_delivery rromogon pppadiya rmittalx suvadeep drhalick kshade kimtingt mbeuchat mosalas keng1 adybkowx rahmad jthomas2 drnorris rjparker richaagg vfeusebi lsivaram moelschl memmer schea12 build_sie ktan13 cho11 mliew kscholl suryanax jkhoo1 mluo9 fmcesari dborton isoffair mkomatov smlang weloo vtzipori raymondk sys_gitssg wyuan gksocba netbatch mtargows bgassman onmunoz anuragda bshomar msalazar aconselv pjinslex cyew3 bloh1 afkhawaj ronhandl yjapheth skappaix exitauto choonshi wlaw4 eelgrabx olampart rsuryadx kashah fgriggio mwindig edobranx bkserafi nsonar jquast jramire4 npshetty abbyscha aloss rzakrzew vief3att wpun sraul gncooper abardavi ssoo ragraw3 viefvlsi bhuan13 gaohui jiechen kjmurph1 zjmiksic gtoll ywaisbla ttzeelon kwszolek rlimaye tlkirkha jbvenabl lbuskox vakusuga kjaczyns agorianx tjkriner huckthom gtabajah kmichae1 tvien ramccue nomanmoh amabrams szexingn skeller yloh7 grp_isc4svn jevallet tmcartx ajchrist ggraff cwsong arachama leefueng amedina1 dganeshk viefcvar hichiu mbabubak ceongloo dshatsky dksinha sggopala viefhwv vcle shroman jstu blandau tmok shakeelx ktpawlax viefvfw mgsaenzm sgourlay pourso mdmatula rjriedli plim12 viefhwd bplackle xinruidu jyong2 dng2 omcalder tpyra mjmattso btpmgr bpsilva tmer1 rvsingh wdtranto ariktopa sgdabras kho2 ssatnesx dsemelia penghou twitham cchen138 dcnadell idediux ramanat1 qxu11 rsharm5 darora jcorbalx bbhusha1 pmachan jross2 vmahal1x ss14 ktang7 snemov emarinca gzadica1 gbocksch nichowdh rwittman pmpicard daviddic vrayapp smsathya ccowan rpshah bpillaix wlim11 ssinclai ajaswant ccocos terfort1 10642322 amamode ctice kjcouch aorios oheim sluboszc dedarnel mschuma1 tbarber yeng tbriggsx jhong4 mxma rmkawiak anadler1 dcoulthu bsutanto smiotk clittle pqtrinh vloke dliebson sowmyar1 rsselby gsantosv amalka2x aperl jpsariot dglim abinazmi amurashk eechiety sngutta nemohame glgeanno tklimek rskencha mkhoo2 dtpham vdhankha obenor lagomeza vnakul mmielck frda jbates1 rviswana basamuel mchadzyx ckoek jneoh1 takerman maconley kmcharli gnaor sverma3 ravindra mwezdeck viefcvs 10077091 kluk ecollin3 ncmistry viefcvp djosephs aalex1 viefcvr cspinux dmoneil2 dmbuckle yfu2 mrichte2 esmarkow rvivekan rqaseem kehuggin ksapozhn lurena rjohnsto rowagner amahade1 hgkamat rlkirsch cjpeppex luoeddie ipashuta ramamoor hschroed markusbr sadapalx qzhu5 jmdeinle hshaikh boccuzzi koksengl jsztyber kwong3 abyunus gwalicze pasinnap ktan28 jcastro ylim22 lpteh dvillane mcg csoerens sgurtov9 dseitzer ctandon1 psobecki agorey maenachx jsuarez snagunur tlee15 ranganat nsmathew mfcole mlewand1 viefird caheike1 mvchacon ychai2 ankitsh1 cohenida uselmdb gdmallar rsack 11411885 jmoosman snatara1 akblack1 40068 yyap1 jkeane1 aly marnin knlewis svacek llibis gkeskin tiennguy kkadarkx akhandek kbeck jrsabnis jdfellei txdo rsklingl acschmit sahutchi bho1 11445963 pchandr1 charlesb lchen4 jphang snkalval cmccmon hopkinrx mcgliszx rtramaku tminchev flee1 hzhan33 bbensale rpieper costachx yanivmen ukanwar avichaym hhashemi msecval ztbunni czhuo chanmich bkveera cgtuohy sfitzpat btgoods echudzin kwilkx fjahan adasgupt wangma1 fmayer sgaddam1 vdadwal jvaquero asohailx dprende1 coprisex piniguez dlow brundle svdeshab nischald amukhopa nbutterx yewkeanw malamill cchavezc mdemezzi mameerax gcrays krogon svdasaka johnm jkatz swapnapu keong kodagir1 ksisoura ayager aafranco gpasumam sdmeyers pragyasi oshai sanand jhstockm rwrice disrael itrandax obsrun imocanux vchakki fcobbe derekoco lsmien rpartha mavilla3 kdonepud sergeif akpx rbenezra dczupryn jvrobert mmcdonal xdang vpandran cbendele jacloud jpierce jkovacs3 ssnair3 jelyouss lirvan jdwanek1 pgualti puunitha krparmax csacker rsawicki sndhoot jjgamage sandeep izeevix bjgran lab_ldepb pdixit1 awilkens huiyingn slim26 vadossi kbalinsk ashagio mpower1 bachaue1 spoluri asriniva vthombre ytsageln kroslan jsmogri abshah pitterle yavni drogers nandagop sjpoehlm farzanak smakkada amichaia makuznet standon1 kliao15 sraunerx amaczuga mredlars yhu36 narhards mtullima aodetall aberko myazdi gmarsh abaozhen cmihailx kmorales dlang 10636252 mrudniew rrmanne alemberg sssumanx jselam sys_scan cyeeyong dwrussex clforn kherrema yzhang1 gcjenkin itoufiqu tkolat mtricax jadarnes sbtmohdz sbeclena syen7 mrupprec clim73 sdtran vmprabhu weijernt schaudh1 fnfares viefssw hgan2 sys_ecglobalrestore mengwahs dkakoun ownettle ewallace kganesh jgarred mdroper bllock kpnguye2 socfebe agupt27 spedel bpaauwe lsu4 brgordon oniv yhadar hmoralar jhannouc acbrown2 sfredetx vtsymbal dmordech largumed lanand jctorres phycap sys_gitauto ariveraj mbiggio tdelkoha aispas ychu1 jhedberg mslaught songxiao leonidt npatil3 kaplane jlubkin pgirr gskelly yliu148 stevedoa jpdefuri jiayingy bamelche hhzhou vmadarap rhmcnair anchakra dchen truhman jdkarpin fbaehren fgong3 kkmishrx mbrogham shettyab frezek pmurawsx hsalman dahiggin dchee ekarl viefifw3 yeanterx rchen7 ccamenzx rboyapat mgroener jperezzu rgtenori cbezawad solsen asaifhas hseshagi cmalley jjasoliy gdcochra dstozaki ukankana rshalev lsingh youngric rmshah fhanchek slhuang jmlaflam rjdurant klausuhl cstauden jtan19 blsmalle jccamach schmidtm rbfawkes manojkum pheraty esd_cr vkasired jymarc mviquezr ecilabnodes slai hsullan dtbrostx aleski aarayaca lfoo1 skamath4 lbrzezix ysaw1 mjruizol mpyrzows dbmadiga dskrishn jfung hng13 jgbayles rgsreeni sdorland sankarbx lkurtz virajvde ssbagalk gsirbux berwin srgangir kelvinkx jrous fmihut 10635299 xlin4 aaydiner bjkapadi adimoftx aarayac1 mkoeck mbinti8x epedael bchu1 mglefevr mjcoppoc ytee vcyadav dtbecher plavin aoforest sdninawe jprosex rszczygi jlu19 cjgoodm1 vbs1 klee11 lohaio1 lang1 nhbintim bstackho dbhibler danielzi kguntaka fpasch rjayabha mpotrolx mweiss pptang slakshm1 rdower dbrowne4 kgahmed1 nnimmaga sys_codeine ysoussan chouillo ylanger srattan okesten istrahov afkaplan ehbruck qshan bdgrell pariasca itedisco shanawar nmanthen mtammi alopezve gmudrets viefpp jkatraga philipmc jeffw amitanan lab_bldmstr mkang jaltamir plkummro pregez mfauconn jhabdelq zhalei fchongkh singharc vvehlowx ppant kji2x steffens ldavie1 yencathe zhexianl csucur gaenshei dljobusc jshanmug pkhanal rkasim echeah2 asaksena lmaciasm srivats1 hmpatel usrintel efetzer rhamler danyb palkalai ejstaple sdonohue dvanhols danyf rrthirux kchandr1 glennric kbandi jlim18 smeow karandee gquinn rnudelma adsali cleue pvgaonka sheno tdyshkan shridhar ashundax viefeng bsluis hchong skulka3x jholzmai mkmellor chenalbe rhuang9 gmena dshenhav sprakasx kdsingh jcraib pprach eahmed atlaurit pdevoy mzeller1 skaul1 aearlx viefda ecgitadm jrcabral rmatsumu juancgox ssaw3 scrichma cpanceax mpmille1 tmurata cbostak aeglenis viefcs kkoay2 sys_gitpve sberceax kmills yeelingl vbbhogad ravipal cooi36 kveerara mcheboli akuma37 mnassan rrieger1 kdydakx adklimki dcontre1 awbrowni joleary rlposey ytan27 aniljose psyap mmhazra mstalala mhuther1 tshachar sng23 khtran kmcmaho1 eluebber doshima btan44x mrbecket behowell psienkow sr10 edherrin hyick ktphan cbuerkle akrish8 liuwe build_ka pgerasim tcda mmusisin patelhim hkhor1 ykhabiri rmayer ndavida rlthomps mstoicax vapadgao steved99 ptkreutz jmrozins pkcletus gomezant sho6 vgalanox hteex bruelsni swgittin ploh8 llbiro skmathuk dsienkie smillman bddoyle otapiaro viefhl steffena gitasd orgranat sshridha jkozarow 57643 wwchang jwitte oespinoz sisakhar gsingh mobaykan jrjones tha jepeach aupadhy1 vhaapala palindbe cjechlit imlanker,kanap01a.ka.intel.com,,,,07/07/2014 18:01:13,,false,false,false,false,false,,,07/07/2014 19:43:01,,07/07/2014 18:01:13,790457,,,,Unlimited,Unlimited,,,0,,,,0,/nfs/ka/disks/ka-home-disk001,false,false,false,0,,11980417.142,aschaefe,10661073,/nfs/ka/disks/ka-home-disk001,,root:read write execute root:read execute all:read execute ,,,EC,,,false,none,,01/30/2012,01/30/2012 15:03:13,870400,aschaefe,,/nfs/site/gen/adm/disk_metrics/nfs-scan/data/ka/kanap01a.ka.intel.com/vol0_ka-home-disk001.gz,Tue Jun  5 21:58:16 2012,aschaefe,870400,850.0,870400,0.83,,,0,,Active,,false,,2,true,NETAPP,755,790457,771.931,0.754,true,aschaefe,0.908,,true,102920.176,3.648,85294.012,3.648,3.648,3.648,4130.07,,,,,9610497,
false,true,,ka-ias_klocwork_disk001,ir.10686,ka-ias_klocwork_disk001,false,1,cmsbak002.isw.intel.com,,0,kasbak001-MSDP,,6,ASD,false,,,true,ka,,08/01/2013,08/01/2013 15:46:18,,false,N/A,Unlimited,,Active,,21,vol1,aggr0,false,,,0,,,,-sec=sys rw=@ka_admin:@ka_prod_all:kavapp001.ka.intel.com root=@ka_admin:kavapp001.ka.intel.com,,Unix,* drogers sys_kwkr root build_ka,kanap01a.ka.intel.com,,,,07/07/2014 18:01:47,,false,false,false,false,false,,,07/07/2014 19:20:20,,07/07/2014 18:01:47,83756,,,,Unlimited,2048000,,,0,,,,0,/nfs/ka/disks/ias_klocwork_disk001,false,false,false,0,,33.0,drogers,11269112,/nfs/ka/disks/ias_klocwork_disk001,,drogers:read write execute asd_all:read write execute all:read execute ,,,kendrick_peak,,,false,none,,08/01/2013,08/01/2013 15:46:06,153600,aloss,Fileserver='kanap01a.ka.intel.com' && Disk='vol1',,,drogers,153600,150.0,153600,0.146,,,0,,Active,,false,,2,true,NETAPP,775,83756,81.793,0.08,true,drogers,0.545,,false,0.0,0.0,0.0,0.0,0.0,0.0,0.0,,,,,314660,
false,true,,ka-ias_simulation_disk001,ir.11457,ka-ias_simulation_disk001,false,1,,,0,,,1,ASD,false,,,true,ka,,11/22/2013,11/22/2013 09:06:39,,false,N/A,Unlimited,,Active,,21,vol2,,false,,,0, sticky,,,access=ka_admin:ka_prod_all root=ka_admin,,Unix,tklimek,kaefs01a.ka.intel.com,,,,07/07/2014 18:04:02,,false,false,false,false,false,,,07/07/2014 19:59:59,,07/07/2014 18:04:02,666174,,,,Unlimited,3072000,,,0,,,,0,/nfs/ka/disks/ka-ias_simulation_disk001,false,false,false,0,,1825594.657,iszuca,11407404,/nfs/ka/disks/ka-ias_simulation_disk001,,tklimek:read write execute asd_all:read execute all:none  sticky,,,ivi,,,false,none,,11/22/2013,11/22/2013 09:06:28,1024000,ktang7,Fileserver='kaefs01a.ka.intel.com' && Disk='vol2',,,iszuca,1024000,1000.0,1024000,0.977,,,0,,Active,,false,,5,true,EMC,2750,666174,650.561,0.635,true,iszuca,0.651,,false,0.0,0.0,0.0,0.0,0.0,0.0,0.0,,,,,145864,
false,true,,ka-ias_web_disk001,ibw.9590,ka-ias_web_disk001,false,1,cmsbak002.isw.intel.com,,0,kasbak001-MSDP,,6,ASD,false,,,true,ka,,04/08/2013,04/08/2013 16:03:09,,false,N/A,Unlimited,,Active,,21,vol1,aggr0,false,,,0, sticky,,,-sec=sys rw=@ka_admin:@ka_prod_all:10.217.54.0/24 root=@ka_admin,,Unix,jquast * build_ka hschroed klausuhl webadm,kanap01a.ka.intel.com,,,,07/07/2014 18:02:47,,false,false,false,false,false,,,07/07/2014 19:20:20,,07/07/2014 18:02:47,29167,,,,Unlimited,Unlimited,,,0,,,,0,/nfs/ka/disks/ias_web_disk001,false,false,false,0,,1127.998,jquast,11408700,/nfs/ka/disks/ias_web_disk001,,webadm:read write execute asd_web:read write execute all:none  sticky,,,KendrickPeak,,,false,none,,04/08/2013,04/08/2013 16:02:56,102400,aloss,Fileserver='kanap01a.ka.intel.com' && Disk='vol1',,,jquast,102400,100.0,102400,0.098,,,0,,Active,,false,,2,true,NETAPP,2770,29167,28.483,0.028,true,jquast,0.285,,false,0.0,0.0,0.0,0.0,0.0,0.0,0.0,,,,,318235,
false,true,,ka-isg_build_ka_data_disk001,ibw.8108,ka-isg_build_ka_data_disk001,false,1,cmsbak002.isw.intel.com,,0,kasbak001-MSDP,,6,ISG,false,,,true,ka,,08/30/2012,08/30/2012 15:54:11,,false,N/A,Unlimited,,Active,,21,vol4,aggr0,false,,,0, sticky,,,-sec=sys rw=@ka_admin:@ka_prod_all:10.217.54.0/24 root=@ka_admin,,Unix,* build_ka,kanap01a.ka.intel.com,,,,07/07/2014 17:58:44,,false,false,false,false,false,,,07/07/2014 19:22:09,,07/07/2014 17:58:44,0,,,,Unlimited,2048000,,,0,,,,0,/nfs/ka/disks/build_ka_data,false,false,false,0,,5.0,gmalone1,10693713,/nfs/ka/disks/build_ka_data,,build_ka:read write execute asd_all:read write execute all:none  sticky,,,ias,,,false,none,,08/30/2012,08/30/2012 15:54:02,204800,root,fileserver=='kanap01a.ka.intel.com' && disk=='vol4',,,gmalone1,204800,200.0,204800,0.195,,,0,,Active,,false,,2,true,NETAPP,2770,0,0.0,0.0,true,gmalone1,0.0,,false,0.0,0.0,0.0,0.0,0.0,0.0,0.0,,,,,1,
false,true,,ka-isg_ias_ae_disk001,ibw.6957,ka-isg_ias_ae_disk001,false,1,cmsbak002.isw.intel.com,,0,kasbak001-MSDP,Backup_Local,6,ISG,false,,,true,ka,,02/27/2012,02/27/2012 10:44:33,,false,N/A,Unlimited,,Active,,21,vol0,aggr0,false,,,0, sticky,,,-sec=sys rw=@ka_admin:@ka_prod_all root=@ka_admin,,Unix,* hschroed,kanap01b.ka.intel.com,,,,07/07/2014 17:57:41,,false,false,false,false,false,,,07/07/2014 19:10:52,,07/07/2014 17:57:41,2040,,,,Unlimited,2048000,,,0,,,,0,/nfs/ka/disks/ias_ae_disk001,false,false,false,0,,288.988,hschroed,11376492,/nfs/ka/disks/ias_ae_disk001,,hschroed:read write execute asd_all:read write execute all:none  sticky,,,ias,,,false,none,,02/27/2012,02/27/2012 10:44:19,102400,root,fileserver=='kanap01b.ka.intel.com' && disk=='vol0',/nfs/site/gen/adm/disk_metrics/nfs-scan/data/ka/kanap01b.ka.intel.com/vol0_ka-isg_ias_ae_disk001.gz,Tue Jun  5 21:30:16 2012,hschroed,102400,100.0,102400,0.098,,,0,,Active,,false,,2,true,NETAPP,2770,2040,1.992,0.002,true,hschroed,0.02,,false,0.008,0.0,0.0,0.0,0.0,0.0,0.0,,,,,2348,
false,true,,ka-isg_ias_cad_disk001,ibw.6955,ka-isg_ias_cad_disk001,false,1,cmsbak002.isw.intel.com,,0,kasbak001-MSDP,Backup_Local,6,ISG,false,,,true,ka,,02/27/2012,02/27/2012 10:18:55,,false,N/A,Unlimited,,Active,,21,vol1,aggr0,false,,,0, sticky,,,-sec=sys rw=@ka_admin:@ka_prod_all root=@ka_admin,,Unix,bpsilva mdauner2 lfbaker chlopez rrieger1 skeller amitanan gkern pregez kmcharli mwindig cbittigh ralfseng srtapex fmcesari pchochol kseifrie mrupprec jcorbalx akrmar jpsariot jdfellei 11464286 bddoyle steffena mrichte2 tklimek 11510410 sgulteki jgoh15 mjjuenem * hopkinrx tseegert fbaehren maseidel mferguso lganter ccocos terfort1 huckthom hschroed awilkens uschumac olampart,kanap01a.ka.intel.com,,,,07/07/2014 18:05:19,,false,false,false,false,false,,,07/07/2014 19:20:20,,07/07/2014 18:05:19,175201,,,,Unlimited,2048000,,,0,,,,0,/nfs/ka/disks/ias_cad_disk001,false,false,false,0,,158968.843,hschroed,11376492,/nfs/ka/disks/ias_cad_disk001,,hschroed:read write execute asd_all:read write execute all:none  sticky,,,ias,,,false,none,,02/27/2012,02/27/2012 10:18:42,1048576,root,fileserver=='kanap01a.ka.intel.com' && disk=='vol1',/nfs/site/gen/adm/disk_metrics/nfs-scan/data/ka/kanap01a.ka.intel.com/vol1_ka-isg_ias_cad_disk001.gz,Tue Jun  5 21:37:44 2012,hschroed,1048576,1024.0,1048576,1.0,,,0,,Active,,false,,2,true,NETAPP,2770,175201,171.095,0.167,true,hschroed,0.167,,false,2382.816,0.0,0.0,0.0,0.0,0.0,0.0,,,,,125855,
false,true,,ka-isg_ias_delivery_disk001,ibw.6959,ka-isg_ias_delivery_disk001,false,1,cmsbak002.isw.intel.com,,0,kasbak001-MSDP,Backup_Local,6,ISG,false,,,true,ka,,02/27/2012,02/27/2012 10:46:54,,false,N/A,Unlimited,,Active,,21,vol3,aggr0,false,,,0, sticky,,,-sec=sys rw=10.217.54.0/24:@ka_admin:@ka_prod_all root=@ka_admin,,Unix,mneumann berndbit ssingh amitanan mstoicax olovaszi mtricax imocanux edobranx fcobbe jquast svacek aispas jspratt akrmar mhuther1 fneumann asd_delivery ischneid doshima maenachx klausuhl rwittman aspinux * cpanceax kjhoig schmidtm cbuerkle maseidel mbrogham fmihut ccocos build_ka markusbr mschuma1 11500561 mschuett 11499077,kanap01a.ka.intel.com,,,,07/07/2014 18:03:17,,false,false,false,false,false,,,07/07/2014 19:11:36,,07/07/2014 18:03:17,952206,,,,Unlimited,2048000,,,0,,,,0,/nfs/ka/disks/ias_delivery_disk001,false,false,false,0,,193983.088,rwittman,11411937,/nfs/ka/disks/ias_delivery_disk001,,asd_delivery:read write execute asd_release:read execute all:none  sticky,,,ias,,,false,none,,02/27/2012,02/27/2012 10:46:42,1433600,root,fileserver=='kanap01a.ka.intel.com' && disk=='vol3',/nfs/site/gen/adm/disk_metrics/nfs-scan/data/ka/kanap01a.ka.intel.com/vol3_ka-isg_ias_delivery_disk001.gz,Tue Jun  5 21:20:09 2012,rwittman,1433600,1400.0,1433600,1.367,,,0,,Active,,false,,2,true,NETAPP,2750,952206,929.889,0.908,true,rwittman,0.664,,false,0.008,0.0,0.0,0.0,0.0,0.0,0.0,,,,,265700,
false,true,,ka-isg_ias_kp_disk001,ibw.6956,ka-isg_ias_kp_disk001,false,1,cmsbak002.isw.intel.com,,0,kasbak001-MSDP,Backup_Local,6,ISG,false,,,true,ka,,02/27/2012,02/27/2012 10:38:44,,false,N/A,Unlimited,,Active,,21,vol2,aggr0,false,,,0, sticky,,,-sec=sys rw=@ka_admin:@ka_prod_all root=@ka_admin,,Unix,tklimek mstoicax * mwindig pchochol lhannemx lganter hschroed build_ka mhuther1 uschumac jdfellei 11476914,kanap01a.ka.intel.com,,,,07/07/2014 18:02:24,,false,false,false,false,false,,,07/07/2014 19:30:57,,07/07/2014 18:02:24,5381,,,,Unlimited,2048000,,,0,,,,0,/nfs/ka/disks/ias_kp_disk001,false,false,false,0,,582.009,hschroed,11376492,/nfs/ka/disks/ias_kp_disk001,,hschroed:read write execute asd_all:read write execute all:none  sticky,,,ias,,,false,none,,02/27/2012,02/27/2012 10:38:29,1048576,root,fileserver=='kanap01a.ka.intel.com' && disk=='vol2',/nfs/site/gen/adm/disk_metrics/nfs-scan/data/ka/kanap01a.ka.intel.com/vol2_ka-isg_ias_kp_disk001.gz,Tue Jun  5 21:24:24 2012,hschroed,1048576,1024.0,1048576,1.0,,,0,,Active,,false,,2,true,NETAPP,2770,5381,5.255,0.005,true,hschroed,0.005,,false,0.004,0.0,0.0,0.0,0.0,0.0,0.0,,,,,1367,
false,true,,ka-isg_ias_organisation_disk001,ibw.6958,ka-isg_ias_organisation_disk001,false,1,cmsbak002.isw.intel.com,,0,kasbak001-MSDP,Backup_Local,6,ISG,false,,,true,ka,,02/27/2012,02/27/2012 10:45:47,,false,N/A,Unlimited,,Active,,21,vol1,aggr0,false,,,0, sticky,,,-sec=sys rw=@ka_admin:@ka_prod_all:10.217.54.0/24 root=@ka_admin,,Unix,mdauner2 rrieger1 kwong3 aherden mlipinsx bachaue1 tmcartx amuhring jartamox ralfseng pchochol aispas npatil3 csoerens fneumann mschweik 11501605 tklimek sgulteki * ktpawlax echeah2 fbaehren maseidel fmihut dvanhols lganter pmurawsx build_ka mmusisin agiering uschumac olampart bpsilva tmer1 ssingh abelandr gkern mwindig pkcletus fgerneth fcobbe jquast svacek kseifrie wagnerst 11479938 11524237 jcorbalx mzeller1 kkadarkx danielzi jdfellei aearlx fpasch gbocksch 11510410 klausuhl rwittman schmidtm rpieper ccocos huckthom mdoerbec hschroed markusbr awilkens mschuma1 mschuett,kanap01b.ka.intel.com,,,,07/07/2014 17:59:50,,false,false,false,false,false,,,07/07/2014 19:31:17,,07/07/2014 17:59:50,169582,,,,Unlimited,2048000,,,0,,,,0,/nfs/ka/disks/ias_organisation_disk001,false,false,false,0,,300106.803,hschroed,11376492,/nfs/ka/disks/ias_organisation_disk001,,hschroed:read write execute asd_all:read write execute all:none  sticky,,,ias,,,false,none,,02/27/2012,02/27/2012 10:45:34,1048576,root,fileserver=='kanap01b.ka.intel.com' && disk=='vol1',/nfs/site/gen/adm/disk_metrics/nfs-scan/data/ka/kanap01b.ka.intel.com/vol1_ka-isg_ias_organisation_disk001.gz,Tue Jun  5 22:14:05 2012,hschroed,1048576,1024.0,1048576,1.0,,,0,,Active,,false,,2,true,NETAPP,2770,169582,165.607,0.162,true,hschroed,0.162,,false,4135.871,0.0,3713.48,0.0,0.0,0.0,3619.98,,,,,145336,
false,true,,ka-isg_ias_user_disk001,ibw.6960,ka-isg_ias_user_disk001,false,1,cmsbak002.isw.intel.com,,0,kasbak001-MSDP,Backup_Local,6,ISG,false,,,false,ka,,02/27/2012,02/27/2012 10:47:42,,false,N/A,0,,Active,,21,vol2,aggr0,false,,,0, sticky,,,-sec=sys rw=@ka_admin:@ka_prod_all:10.217.54.0/24 root=@ka_admin,,Unix,11376492,kanap01b.ka.intel.com,,,,07/07/2014 18:00:57,,false,false,false,false,false,,,07/07/2014 19:32:37,,,0,,,,Unlimited,2048000,,,0,,,,0,/nfs/ka/disks/ias_user_disk001,false,false,false,0,,36.999,hschroed,11376492,/nfs/ka/disks/ias_user_disk001,,hschroed:read write execute asd_all:read write execute all:none  sticky,,,ias,,,false,none,,02/27/2012,02/27/2012 10:47:30,1048576,root,fileserver=='kanap01b.ka.intel.com' && disk=='vol2',/nfs/site/gen/adm/disk_metrics/nfs-scan/data/ka/kanap01b.ka.intel.com/vol2_ka-isg_ias_user_disk001.gz,Tue Jun  5 22:13:57 2012,hschroed,1048576,1024.0,1048576,1.0,,,0,,Active,,false,,2,true,NETAPP,2770,0,0.0,0.0,false,hschroed,0.0,,false,0.004,0.0,0.0,0.0,0.0,0.0,0.0,,,,,1,
false,true,,ka-isg_klocwork_tools_disk001,ibw.7558,ka-isg_klocwork_tools_disk001,false,1,cmsbak002.isw.intel.com,,0,kasbak001-MSDP,Backup_Duplication,6,IT,false,,,true,ka,,04/11/2012,04/11/2012 11:39:27,,false,N/A,Unlimited,,Active,,21,vol0,aggr0,false,,,0, sticky,,,-sec=sys rw=@ka_admin:@ka_prod_all:10.217.54.0/24 root=@ka_admin,,Unix,* sys_kwkr,kanap01a.ka.intel.com,,,,07/07/2014 18:02:17,,false,false,false,false,false,,,07/07/2014 19:43:02,,07/07/2014 18:02:17,1287,,,,Unlimited,Unlimited,,,0,,,,0,/nfs/ka/disks/kw_tools,false,false,false,0,,3264149.389,wrodziew,11407459,/nfs/ka/disks/kw_tools,,sys_kwkr:read write execute intelall:read execute all:none  sticky,,,EC,,,false,none,,04/11/2012,04/11/2012 11:39:12,3072,root,fileserver=='kanap01a.ka.intel.com' && disk=='vol0',/nfs/site/gen/adm/disk_metrics/nfs-scan/data/ka/kanap01a.ka.intel.com/vol0_ka-isg_klocwork_tools_disk001.gz,Tue Jun  5 21:24:21 2012,wrodziew,3072,3.0,3072,0.003,,,0,,Active,,false,,2,true,NETAPP,2750,1287,1.257,0.001,true,wrodziew,0.419,,false,1289.793,0.0,893.527,0.0,0.0,0.0,0.0,,,,,4988,
false,true,,ka-isg_proj_ias,ibw.6953,ka-isg_proj_ias,false,1,cmsbak002.isw.intel.com,,0,kasbak001-MSDP,Backup_Local,6,ISG,false,,,true,ka,,02/27/2012,02/27/2012 10:13:06,,false,N/A,Unlimited,,Active,,21,vol1,aggr0,false,,,0, sticky,,,-sec=sys rw=@ka_admin:@ka_prod_all:10.217.54.0/24 root=@ka_admin,,Unix,berndbit tklimek root pregez * cbittigh jquast lganter mrupprec terfort1 build_ka hschroed rramanat akrmar npatil3 uschumac mhuther1 jdfellei,kanap01a.ka.intel.com,,,,07/07/2014 18:02:26,,false,false,false,false,false,,,07/07/2014 19:20:20,,07/07/2014 18:02:26,663,,,,Unlimited,2048000,,,0,,,,0,/nfs/ka/proj/ias,false,false,false,0,,10895.987,hschroed,11376492,/nfs/ka/proj/ias,,hschroed:read write execute asd_all:read write execute all:none  sticky,,,ias,,,false,none,,02/27/2012,02/27/2012 10:12:51,2048,root,fileserver=='kanap01a.ka.intel.com' && disk=='vol1',/nfs/site/gen/adm/disk_metrics/nfs-scan/data/ka/kanap01a.ka.intel.com/vol1_ka-isg_proj_ias.gz,Tue Jun  5 22:10:44 2012,hschroed,2048,2.0,2048,0.002,,,0,,Active,,false,,2,true,NETAPP,2770,663,0.647,0.001,true,hschroed,0.324,,false,199.965,0.0,0.0,0.0,0.0,0.0,0.0,,,,,230,
false,true,,ka-it_lde_disk001,ibw.6961,ka-it_lde_disk001,false,1,cmsbak002.isw.intel.com,,0,kasbak001-MSDP,Backup_Local,6,IT,false,,,true,ka,,02/27/2012,02/27/2012 15:00:23,,false,N/A,Unlimited,,Active,,21,vol0,aggr0,false,,,0, sticky,,,-sec=sys rw=10.217.54.0/24:@ka_admin:@ka_prod_all root=@ka_admin,,Unix,18066 root 53441 43303 * 12364 53427 ovgumeny 55448 30613 aschaefe,kanap01a.ka.intel.com,,,,07/07/2014 18:03:10,,false,false,false,false,false,,,07/07/2014 19:43:02,,07/07/2014 18:03:10,122284,,,,Unlimited,Unlimited,,,0,,,,0,/nfs/ka/disks/lde_disk001,false,false,false,0,,123025.954,aschaefe,10661073,/nfs/ka/disks/lde_disk001,,root:read write execute intelall:read write execute all:read execute  sticky,,,EC,,,false,none,,02/27/2012,02/27/2012 15:00:10,153600,root,fileserver=='kanap01a.ka.intel.com' && disk=='vol0',/nfs/site/gen/adm/disk_metrics/nfs-scan/data/ka/kanap01a.ka.intel.com/vol0_ka-it_lde_disk001.gz,Tue Jun  5 21:08:04 2012,aschaefe,153600,150.0,153600,0.146,,,0,,Active,,false,,2,true,NETAPP,2775,122284,119.418,0.117,true,aschaefe,0.796,,false,0.012,0.0,0.0,0.0,0.0,0.0,0.0,,,,,154375,
true,true,,ka-itools_disk001,ibw.6863,ka-itools_disk001,false,1,cmsbak002.isw.intel.com,,0,kasbak001-MSDP,,6,IT,false,,,true,ka,,01/30/2012,01/30/2012 15:03:13,,false,N/A,Unlimited,,Active,,21,vol0,aggr0,false,,,0,,,,-sec=sys rw=10.217.54.0/24:@ka_prod_all:@ka_admin root=@ka_admin,,Unix,* usrintel root,kanap01a.ka.intel.com,,,,07/07/2014 18:02:22,,false,false,false,false,false,,,07/07/2014 19:43:02,,07/07/2014 18:02:22,222928,,,,Unlimited,Unlimited,,,0,,,,0,/nfs/ka/dsm_mount_check /nfs/ka/itools /nfs/ka/.itools,false,true,false,0,,12544362.588,usrintel,10664209,/nfs/ka/itools,,usrintel:read write execute ctbuild:read write execute all:read write execute ,,,EC,,,false,none,,01/30/2012,01/30/2012 15:03:13,307200,aschaefe,,,,usrintel,307200,300.0,307200,0.293,,,0,,Active,,false,,2,true,NETAPP,777,222928,217.703,0.213,true,usrintel,0.726,,true,0.0,0.0,0.0,0.0,0.0,0.0,0.0,,,,,4730691,
false,true,,ka-kendrickpeak_disk001,ir.10582,ka-kendrickpeak_disk001,false,1,,,0,,,1,ASD,false,,,true,ka,,07/04/2013,07/04/2013 09:05:41,,false,N/A,Unlimited,,Active,,21,vol3,,false,,,0, sticky,,,rw=ka_admin:10.217.54.0/24 root=ka_admin:ka_admin:10.217.54.0/24 access=ka_admin:10.217.54.0/24,,Unix,* jquast build_ka,kaefs01a.ka.intel.com,,,,07/07/2014 18:04:05,,false,false,false,false,false,,,07/07/2014 19:11:01,,07/07/2014 18:04:05,18808,,,,Unlimited,2048000,,,0,,,,0,/nfs/ka/disks/kendrickpeak,false,false,false,0,,6587.834,jquast,11408700,/nfs/ka/disks/kendrickpeak,,jquast:read write execute asd_all:read write execute all:none  sticky,,,kendrick_peak,,,false,none,,07/04/2013,07/04/2013 09:05:28,1536000,dleahy1,fileserver=='kaefs01a.ka.intel.com' && disk=='vol3',,,jquast,1536000,1500.0,1536000,1.465,,,0,,Active,,false,,5,true,EMC,2770,18808,18.367,0.018,true,jquast,0.012,,false,0.0,0.0,0.0,0.0,0.0,0.0,0.0,,,,,448572,
true,true,,ka-kendrickpeak_disk002,ir.10622,ka-kendrickpeak_disk002,false,1,cmsbak002.isw.intel.com,,0,kasbak001-MSDP,,6,ASD,false,,,true,ka,,07/08/2013,07/08/2013 11:29:39,,true,21,Unlimited,,Disabled (Auto delete),,21,vol8,aggr0,false,,,0, sticky,,,-sec=sys rw=@irvstart001.ir.intel.com root=@irvstart001.ir.intel.com,,Unix,* root,kanap01a.ka.intel.com,,,,07/07/2014 18:02:36,,false,false,false,false,false,,,07/07/2014 19:22:10,,07/07/2014 18:02:36,0,,,,Unlimited,2048000,,,0,,,,0,/nfs/ka/disks/kendrickpeak_disk002,false,false,false,0,,0.0,drogers,11269112,/nfs/ka/disks/kendrickpeak_disk002,,root:read write execute root:none all:none ,07/07/2014 07:30:10,,kendrick_peak,,,false,none,,07/08/2013,07/08/2013 11:29:28,51200,dleahy1,fileserver=='kanap01a.ka.intel.com' && disk=='vol8',,,drogers,51200,50.0,51200,0.049,,,0,07/06/2014 23:30:10,Disabled (Auto delete),,false,,2,true,NETAPP,700,0,0.0,0.0,true,drogers,0.0,,false,0.0,0.0,0.0,0.0,0.0,0.0,0.0,,,,,1,
false,true,,ka-nfs.mount.disk001,ir.11965,ka-nfs.mount.disk001,false,1,,,0,,,1,IT,false,,,true,ka,,05/13/2014,05/13/2014 13:30:17,,false,N/A,Unlimited,,Active,,21,vol1,,false,,,0, sticky,,,access=ka_admin:ka_prod_all root=ka_admin,,Unix,sadm,kaefs01a.ka.intel.com,,,,07/07/2014 17:58:30,,false,false,false,false,false,,,07/07/2014 19:24:03,,07/07/2014 17:58:30,0,,,,Unlimited,Unlimited,,,0,,,,0,/nfs/ka/disks/nfs.mount.disk001,false,false,false,0,,30883.042,danyf,10665261,/nfs/ka/disks/nfs.mount.disk001,,sadm:read write execute ecglobal:read execute all:none  sticky,,,EC,,,false,none,,05/13/2014,05/13/2014 13:29:59,10240,ktang7,fileserver=='kaefs01a.ka.intel.com'&&disk=='vol1',,,danyf,10240,10.0,10240,0.01,,,0,,Active,,false,,5,true,EMC,2750,0,0.0,0.0,true,danyf,0.0,,false,0.0,0.0,0.0,0.0,0.0,0.0,0.0,,,,,32,
false,true,,ka_disks_git_archive,ir.11839,ka_disks_git_archive,false,1,,,0,,,1,ASD,false,,,true,ka,,03/06/2014,03/06/2014 08:19:28,,false,N/A,Unlimited,,Active,,21,vol3,,false,,,0,,,,access=ka_admin:ka_prod_all root=ka_admin,,Unix,drogers,kaefs01a.ka.intel.com,,,,07/07/2014 18:05:04,,false,false,false,false,false,,,07/07/2014 19:11:01,,07/07/2014 18:05:04,0,,,,Unlimited,2048000,,,0,,,,0,/nfs/ka/disks/git_archive,false,false,false,0,,6587.613,drogers,11269112,/nfs/ka/disks/git_archive,,drogers:read write execute asd_git:read write all:none ,,,kendrick_peak,,,false,none,,03/06/2014,03/06/2014 08:19:15,10240,sooi14,fileserver='kaefs01a.ka.intel.com'&&disk='vol3',,,drogers,10240,10.0,10240,0.01,,,0,,Active,,false,,5,true,EMC,760,0,0.0,0.0,true,drogers,0.0,,false,0.0,0.0,0.0,0.0,0.0,0.0,0.0,,,,,1,
false,true,,ka_disks_ias_cont_build_disk001,ir.11969,ka_disks_ias_cont_build_disk001,false,1,,,0,,,1,ASD,false,,,true,ka,,05/13/2014,05/13/2014 15:11:26,,false,N/A,Unlimited,,Active,,21,vol4,,false,,,0, sticky,,,access=ka_admin:ka_prod_all:10.217.54.0/24 root=ka_admin,,Unix,build_ka,kaefs01a.ka.intel.com,,,,07/07/2014 18:02:49,,false,false,false,false,false,,,07/07/2014 19:10:31,,07/07/2014 18:02:49,912116,,,,Unlimited,2048000,,,0,,,,0,/nfs/ka/disks/ias_cont_build_disk001,false,false,false,0,,19096.863,jquast,11408700,/nfs/ka/disks/ias_cont_build_disk001,,build_ka:read write execute asd_delivery:read execute all:read execute  sticky,,,kendrick_peak,,,false,none,,05/13/2014,05/13/2014 15:11:14,1048576,jquast,Disk=='vol4' && Fileserver=='kaefs01a.ka.intel.com',,,jquast,1048576,1024.0,1048576,1.0,,,0,,Active,,false,,5,true,EMC,2755,912116,890.738,0.87,true,jquast,0.87,,false,0.0,0.0,0.0,0.0,0.0,0.0,0.0,,,,,21328163,
false,true,,ka_disks_ias_emt_disk001,ir.11890,ka_disks_ias_emt_disk001,false,1,,,0,,,1,ASD,false,,,true,ka,,04/01/2014,04/01/2014 13:00:58,,false,N/A,Unlimited,,Active,,21,vol3,,false,,,0, sticky,,,access=ka_admin:ka_prod_all:10.217.54.0/24 root=ka_admin,,Unix,fpasch * jquast kscholl build_ka,kaefs01a.ka.intel.com,,,,07/07/2014 17:58:54,,false,false,false,false,false,,,07/07/2014 19:11:01,,07/07/2014 17:58:54,281191,,,,Unlimited,2048000,,,0,,,,0,/nfs/ka/disks/ias_emt_disk001,false,false,false,0,,11880.726,jquast,11408700,/nfs/ka/disks/ias_emt_disk001,,jquast:read write execute asd_emt:read write execute all:none  sticky,,,kendrick_peak,,,false,none,,04/01/2014,04/01/2014 13:00:42,1024000,sooi14,,,,jquast,1024000,1000.0,1024000,0.977,,,0,,Active,,false,,5,true,EMC,2770,281191,274.601,0.268,true,jquast,0.275,,false,0.0,0.0,0.0,0.0,0.0,0.0,0.0,,,,,5938305,
false,true,,ka_disks_ias_kp_metadata,ibw.9648,ka_disks_ias_kp_metadata,false,1,,,0,,,1,ISG,false,,,true,ka,,04/17/2013,04/17/2013 23:47:03,,false,N/A,Unlimited,,Active,,21,vol1,,false,,,0, sticky,,,access=irvstart001.ir.intel.com root=irvstart001.ir.intel.com,,Unix,markusbr,kaefs01a.ka.intel.com,,,,07/07/2014 18:00:05,,false,false,false,false,false,,,07/07/2014 19:24:03,,07/07/2014 18:00:05,66210,,,,Unlimited,2048000,,,0,ir.11319,,,0,/nfs/ka/disks/ias_kp_metadata-old,false,false,false,0,,25210.355,markusbr,11412662,/nfs/ka/disks/ias_kp_metadata-old,,markusbr:read write execute asd_grac:read write execute all:none  sticky,,,kendrick_peak,,,true,none,,04/17/2013,04/17/2013 23:46:35,102400,pato,,,,markusbr,102400,100.0,102400,0.098,,,0,05/30/2014 23:31:06,Active,,false,,5,true,EMC,2770,66210,64.658,0.063,true,markusbr,0.647,,false,0.0,0.0,0.0,0.0,0.0,0.0,0.0,,,,,76,
false,true,,ka_disks_ias_kp_metadata,ir.11319,ka_disks_ias_kp_metadata,false,1,,,0,,,1,ISG,false,,,true,ka,,10/18/2013,10/18/2013 16:36:21,,false,N/A,Unlimited,,Active,,21,vol2,,false,,,0, sticky,,,access=ka_admin:ka_prod_all:10.217.54.0/24 root=ka_admin,,Unix,markusbr,kaefs01a.ka.intel.com,,,,07/07/2014 18:04:08,,false,false,false,false,false,,,07/07/2014 19:59:59,,07/07/2014 18:04:08,292208,,,,Unlimited,2048000,,,0,,,,0,/nfs/ka/disks/ias_kp_metadata,false,false,false,0,,1767588.391,markusbr,11412662,/nfs/ka/disks/ias_kp_metadata,,markusbr:read write execute asd_grac:read write execute all:none  sticky,,,kendrick_peak,,,false,none,,10/18/2013,10/18/2013 16:36:04,1024000,gmarsh,((FileServer=='kaefs01a.ka.intel.com') && (Disk=='vol2')),,,markusbr,1024000,1000.0,1024000,0.977,,,0,,Active,,false,,5,true,EMC,2770,292208,285.359,0.279,true,markusbr,0.285,,false,0.0,0.0,0.0,0.0,0.0,0.0,0.0,,,,,328,
true,true,,ka_disks_iir-ec_local_disk001,ir.10372,ka_disks_iir-ec_local_disk001,false,1,cmsbak002.isw.intel.com,,0,kasbak001-MSDP,,6,IT,false,,,true,ka,,05/06/2013,05/06/2013 10:45:32,,true,21,Unlimited,,Disabled (Auto delete),,21,vol0,aggr0,false,,,0,,,,-sec=sys rw=@irvstart001.ir.intel.com root=@irvstart001.ir.intel.com,,Unix,* root,kanap01a.ka.intel.com,,,,07/07/2014 18:06:08,,false,false,false,false,false,,,07/07/2014 19:43:02,,07/07/2014 18:06:08,1,,,,Unlimited,Unlimited,,,0,,,,0,/nfs/ka/disks/iir-ec_local_disk001,false,false,false,0,,0.0,jvaquero,10688192,/nfs/ka/disks/iir-ec_local_disk001,,root:read write execute root:none all:none ,07/07/2014 07:30:10,,EC,,,false,none,,05/06/2013,05/06/2013 10:45:21,10,amalka2x,,,,jvaquero,10,0.01,10,0.0,,,0,07/06/2014 23:30:10,Disabled (Auto delete),,false,,2,true,NETAPP,700,1,0.001,0.0,true,jvaquero,0.1,,false,0.0,0.0,0.0,0.0,0.0,0.0,0.0,,,,,4,
false,true,,ka_disks_jenkins_nodes,ir.12033,ka_disks_jenkins_nodes,false,1,cmsbak002.isw.intel.com,,0,kasbak001-MSDP,,6,ASD,false,,,true,ka,,06/18/2014,06/18/2014 08:40:07,,false,N/A,Unlimited,,Active,1 5 10 days before deletion,21,vol7,aggr0,false,,,0, sticky,,,-sec=sys rw=@ka_admin:@ka_prod_all:10.217.54.12 root=@ka_admin:10.217.54.12,,Unix,* jquast root,kanap01a.ka.intel.com,,,,07/07/2014 18:49:15,,false,false,false,false,false,,,07/07/2014 19:19:50,,07/07/2014 18:49:15,53981,,,,Unlimited,3072000,,,0,,,,0,/nfs/ka/disks/jenkins_nodes,false,false,false,0,,184845.351,jquast,11408700,/nfs/ka/disks/jenkins_nodes,,jquast:read write execute asd_all:read execute all:none  sticky,,,ivi,,,false,none,,06/18/2014,06/18/2014 08:39:50,1048576,iszuca,Disk=='vol7' && Fileserver=='kanap01a.ka.intel.com',,,jquast,1048576,1024.0,0,1.0,,,0,06/18/2014 08:40:07,Active,,false,,2,true,NETAPP,2750,53981,52.716,0.051,true,jquast,0.051,,false,0.0,0.0,0.0,0.0,0.0,0.0,0.0,,,,,50,
false,true,,ka_disks_ka_gen_adm_ecgo,ibw.8211,ka_disks_ka_gen_adm_ecgo,false,1,cmsbak002.isw.intel.com,,0,,,1,IT,false,,,true,ka,,09/05/2012,09/05/2012 12:11:09,,false,N/A,Unlimited,,Active,,21,vol1,,false,,,0,,,,access=ka_admin rw=ka_admin root=ka_admin,,Unix,arozen2x agorianx 11245962 tdyshkan 11418391 * 49652 amalka2x abezrodx yhadar eelgrabx,kaefs01a.ka.intel.com,,,,07/07/2014 19:50:39,,false,false,false,false,false,,,07/07/2014 19:24:03,,07/07/2014 19:50:39,7,,,,Unlimited,Unlimited,,,0,,,,0,/nfs/ka/disks/ka_gen_adm_ecgo,false,false,false,0,,176502.725,tdyshkax,11370941,/nfs/ka/disks/ka_gen_adm_ecgo,,root:read write execute ecgo_all:read write execute all:read execute ,,,EC,,,false,none,,09/05/2012,09/05/2012 12:10:51,10240,tdyshkax,,,,tdyshkax,10240,10.0,10240,0.01,,,0,,Active,,false,,5,true,EMC,775,7,0.007,0.0,true,tdyshkax,0.001,,false,0.0,0.0,0.0,0.0,0.0,0.0,0.0,,,,,638,
false,true,,ka_disks_obs_data,ir.11529,ka_disks_obs_data,false,1,cmsbak002.isw.intel.com,,0,kasbak001-MSDP,,6,ASD,false,,,false,ka,,12/02/2013,12/02/2013 15:28:01,,false,N/A,0,,Active,,21,vol2,aggr0,false,,,0, sticky,,,-sec=sys rw=10.217.54.0/24:@ka_admin:@ka_prod_all root=@ka_admin:10.217.50.99:10.217.54.111 sec=none rw root=10.217.54.11 nosuid,,Unix,,kanap01b.ka.intel.com,,,,07/07/2014 18:06:10,,false,false,false,false,false,,,07/07/2014 19:32:37,,,0,,,,Unlimited,3072000,,,0,,,,0,/nfs/ka/disks/obs_data,false,false,false,0,,1663058.621,jquast,11408700 10661073,/nfs/ka/disks/obs_data,,obsrun:read write execute obsrun:read execute all:read execute  sticky,,,ivi,,,false,none,,12/02/2013,12/02/2013 15:27:48,2560000,aschaefe,Disk=='vol2' && Fileserver=='kanap01b.ka.intel.com',,,jquast aschaefe,2560000,2500.0,2560000,2.441,,,0,,Active,,false,,2,true,NETAPP,2755,0,0.0,0.0,false,jquast aschaefe,0.0,,false,0.0,0.0,0.0,0.0,0.0,0.0,0.0,,,,,0,
false,true,,ka_disks_obs_data2,ir.11977,ka_disks_obs_data2,true,1,cmsbak002.isw.intel.com,,0,kasbak001-MSDP,,6,,false,,,true,ka,,05/25/2014,05/25/2014 12:59:37,,false,N/A,Unlimited,,Active,,,vol6,aggr0,false,,,0,,,,-sec=sys rw=10.217.54.0/24:@ka_admin:@ka_prod_all root=@ka_admin:10.217.50.99:10.217.54.111,,Unix,* obsrun root,kanap01a.ka.intel.com,,,,07/07/2014 17:59:06,,false,false,false,false,false,,,07/07/2014 19:25:43,,07/07/2014 17:59:06,305005,,,,Unlimited,Unlimited,,,0,,,,0,,false,false,false,0,,423594.038,unknown,,,,root:read write execute root:read execute all:read execute ,,,,,,false,none,,05/25/2014,05/25/2014 12:59:37,1048576,unknown,,,,unknown,1048576,1024.0,0,1.0,,,0,,Active,,false,,2,true,NETAPP,755,305005,297.856,0.291,true,unknown,0.291,,false,0.0,0.0,0.0,0.0,0.0,0.0,0.0,,,,,460731,
true,true,,ka_ec_essv_disk002,ir.10521,ka_ec_essv_disk002,false,1,cmsbak002.isw.intel.com,,0,kasbak001-MSDP,,6,IT,false,,,true,ka,,06/21/2013,06/21/2013 15:12:51,,false,N/A,Unlimited,,Active,,21,vol5,aggr0,false,,,0,,,,-sec=sys rw=@ka_admin:kasvsh001.ka.intel.com:kasvsh002.ka.intel.com:kasvsh003.ka.intel.com root=@ka_admin:kasvsh001.ka.intel.com:kasvsh002.ka.intel.com:kasvsh003.ka.intel.com,,Unix,* root jdkarpin,kanap01a.ka.intel.com,,,,07/07/2014 17:59:28,,false,false,false,false,false,,,07/07/2014 19:05:07,,07/07/2014 17:59:28,1089008,,,,Unlimited,Unlimited,,,0,,,,0,/nfs/ka/disks/ka_ec_essv_disk002,false,true,false,0,,14460819.26,jdkarpin,11302121,/nfs/ka/disks/ka_ec_essv_disk002,,jdkarpin:read write execute root:read write execute all:none ,,,EC,,,false,none,,06/21/2013,06/21/2013 15:12:40,1677721,jdkarpin,fileserver=='kanap01a.ka.intel.com'&&disk=='vol5',,,jdkarpin,1677721,1638.399,1677721,1.6,,,0,,Active,,false,,2,true,NETAPP,770,1089008,1063.484,1.039,true,jdkarpin,0.649,,false,0.0,0.0,0.0,0.0,0.0,0.0,0.0,,,,,423,
true,true,,ka_ec_netbackup,ibw.7588,ka_ec_netbackup,false,1,cmsbak002.isw.intel.com,,0,kasbak001-MSDP,No_Backup,6,IT,false,,,true,ka,,04/24/2012,04/24/2012 13:53:52,,false,N/A,Unlimited,,Active,,21,vol0,aggr0,false,,,0, sticky,,,-sec=sys ro=10.217.54.0/24 rw=@ka_admin:@ka_prod_all root=@ka_admin,,Unix,* root sluboszc 1152,kanap01a.ka.intel.com,,,,07/07/2014 18:13:35,,false,false,false,false,false,,,07/07/2014 19:43:02,,07/07/2014 18:13:35,21784,,,isw:/nfs/isw/disks/ec_netbackup,Unlimited,Unlimited,,,0,,,,0,/nfs/ka/disks/ec_netbackup,false,true,false,0,,1282.966,mjphelps,10986900,/nfs/ka/disks/ec_netbackup,,1152:read write execute 2441:read write execute all:read execute  sticky,,,EC,,,false,mirror,,04/24/2012,04/24/2012 13:53:35,25600,root,fileserver=='kanap01a.ka.intel.com' && disk=='vol0',/nfs/site/gen/adm/disk_metrics/nfs-scan/data/ka/kanap01a.ka.intel.com/vol0_ka_ec_netbackup.gz,Tue Jun  5 21:30:25 2012,mjphelps,25600,25.0,25600,0.024,,,0,,Active,,false,,2,true,NETAPP,2775,21784,21.273,0.021,true,mjphelps,0.851,,false,9673.523,0.0,9673.336,0.0,0.0,0.0,0.0,,,,,1174,
true,true,,ka_ec_restore_disk001,ibw.7970,ka_ec_restore_disk001,false,1,cmsbak002.isw.intel.com,,0,kasbak001-MSDP,No_Backup,6,IT,false,,,true,ka,,07/12/2012,07/12/2012 12:56:29,,false,N/A,Unlimited,,Active,,21,vol0,aggr0,false,,,0,,,,-sec=sys rw=@ka_admin:@ka_prod_all root=@ka_admin,,Unix,* root,kanap01a.ka.intel.com,,,,07/07/2014 18:03:25,,false,false,false,false,false,,,07/07/2014 19:43:02,,07/07/2014 18:03:25,0,,,,Unlimited,Unlimited,,,0,,,,0,/nfs/ka/restore/disk1n,false,true,false,0,,1.0,sluboszc,11024202,/nfs/ka/restore/disk1n,,root:read write execute root:read execute all:none ,,,EC,,,false,none,,07/12/2012,07/12/2012 12:56:16,25600,mjphelps,,,,sluboszc,25600,25.0,25600,0.024,,,0,,Active,,false,,2,true,NETAPP,750,0,0.0,0.0,true,sluboszc,0.0,,false,0.0,0.0,0.0,0.0,0.0,0.0,0.0,,,,,1,
true,true,,ka_essv_disk001,ibw.6864,ka_essv_disk001,false,1,cmsbak002.isw.intel.com,,0,kasbak001-MSDP,No_Backup,6,IT,false,,,true,ka,,01/30/2012,01/30/2012 15:03:13,,false,N/A,Unlimited,,Active,,21,vol0,aggr0,false,,,0,,,,-sec=sys rw=@ka_admin:@ka_prod_all:kasvsh001.ka.intel.com:kasvsh002.ka.intel.com:kasvsh003.ka.intel.com:kavnis001.ka.intel.com:kavutil001.ka.intel.com:10.217.54.14 root=@ka_admin:@ka_prod_all:kasvsh001.ka.intel.com:kasvsh002.ka.intel.com:kasvsh003.ka.intel.com:kavnis001.ka.intel.com:kavutil001.ka.intel.com,,Unix,pcuser * root,kanap01a.ka.intel.com,,,,07/07/2014 17:58:03,,false,false,false,false,false,,,07/07/2014 19:43:02,,07/07/2014 17:58:03,273939,,,,Unlimited,Unlimited,,,0,,,,0,/nfs/ka/disks/ka_essv_disk001,false,true,false,0,,2906777.149,jdkarpin,11302121,/nfs/ka/disks/ka_essv_disk001,,root:read write execute root:read write execute all:read write execute ,,,EC,,,false,none,,01/30/2012,01/30/2012 15:03:13,1024000,amaczuga,,/nfs/site/gen/adm/disk_metrics/nfs-scan/data/ka/kanap01a.ka.intel.com/vol0_ka_essv_disk001.gz,Tue Jun  5 22:14:08 2012,jdkarpin,1024000,1000.0,870400,0.977,,,0,,Active,,false,,2,true,NETAPP,777,273939,267.519,0.261,true,jdkarpin,0.268,,true,162465.062,0.0,1046.996,0.0,0.0,0.0,1043.016,,,,,140,
false,true,,ka_gen_adm_disk001,ibw.6865,ka_gen_adm_disk001,false,1,cmsbak002.isw.intel.com,,0,kasbak001-MSDP,Backup_Local,6,IT,false,,,true,ka,,01/30/2012,01/30/2012 15:03:13,,false,N/A,Unlimited,,Active,,21,vol0,aggr0,false,,,0,,,,-sec=sys ro=10.217.54.0/24 rw=@ka_admin:@ka_prod_all root=@ka_admin,,Unix,flexadm 16442 ecam_usr 1 jvaquero root sadm * scrichma usrintel 4294967294 500,kanap01a.ka.intel.com,,,,07/07/2014 17:57:58,,false,false,false,false,false,,,07/07/2014 19:43:02,,07/07/2014 17:57:58,5539,,,,Unlimited,Unlimited,,,0,,,,0,/nfs/ka/disks/ka_gen_adm_disk001,false,false,false,0,,55871.2,aschaefe,10661073,/nfs/ka/disks/ka_gen_adm_disk001,,root:read write execute root:read write execute all:read write execute ,,,EC,,,false,none,,01/30/2012,01/30/2012 15:03:13,92160,aschaefe,,/nfs/site/gen/adm/disk_metrics/nfs-scan/data/ka/kanap01a.ka.intel.com/vol0_ka_gen_adm_disk001.gz,Tue Jun  5 21:30:20 2012,aschaefe,92160,90.0,92160,0.088,,,0,,Active,,false,,2,true,NETAPP,777,5539,5.409,0.005,true,aschaefe,0.06,,true,1.145,0.164,0.805,0.0,0.0,0.0,0.77,,,,,9077,
false,true,,ka_gen_adm_disk002,ibw.6866,ka_gen_adm_disk002,false,1,cmsbak002.isw.intel.com,,0,kasbak001-MSDP,Backup_Local,6,IT,false,,,true,ka,,01/30/2012,01/30/2012 15:03:13,,false,N/A,Unlimited,,Active,,21,vol0,aggr0,false,,,0,,,,Unexported,,Unix,* root,kanap01a.ka.intel.com,,,,07/07/2014 17:58:07,,false,false,false,false,false,,,07/07/2014 19:43:02,,07/07/2014 17:58:07,0,,,,Unlimited,Unlimited,,,0,,,,0,/nfs/ka/disks/ka_gen_adm_disk002,false,false,false,0,,1.0,aschaefe,10661073,/nfs/ka/disks/ka_gen_adm_disk002,,root:read write execute root:read execute all:read execute ,,,EC,,,false,none,,01/30/2012,01/30/2012 15:03:13,0,aschaefe,,/nfs/site/gen/adm/disk_metrics/nfs-scan/data/ka/kanap01a.ka.intel.com/vol0_ka_gen_adm_disk002.gz,Tue Jun  5 21:06:00 2012,aschaefe,0,0.0,0,0.0,,,0,,Active,,false,,2,true,NETAPP,755,0,0.0,0.0,true,aschaefe,N/A,,true,0.004,0.0,0.0,0.0,0.0,0.0,0.0,,,,,1,
true,true,,ka_iag_asd_ilab_disk001,ibw.8573,ka_iag_asd_ilab_disk001,false,1,cmsbak002.isw.intel.com,,0,kasbak001-MSDP,,6,ASD,false,,,true,ka,,11/29/2012,11/29/2012 14:58:24,,false,N/A,Unlimited,,Active,,21,vol8,aggr0,false,,,0, sticky,,,-sec=sys rw=@ka_admin:@ka_ilab root=@ka_admin:@ka_ilab,,Unix,* root aschaefe,kanap01a.ka.intel.com,,,,07/07/2014 18:02:31,,false,false,false,false,false,,,07/07/2014 19:22:10,,07/07/2014 18:02:31,506013,,,,Unlimited,3072000,,,0,,,,0,/nfs/ka/disks/ka_iag_asd_ilab_disk001,false,true,false,0,,32103209.951,aschaefe,10661073,/nfs/ka/disks/ka_iag_asd_ilab_disk001,,aschaefe:read write execute root:read write execute all:none  sticky,,,ivi,,,false,none,,11/29/2012,11/29/2012 14:58:16,512000,root,fileserver=='kanap01a.ka.intel.com' && disk=='vol8',,,aschaefe,512000,500.0,512000,0.488,,,0,,Active,,false,,2,true,NETAPP,2770,506013,494.153,0.483,true,aschaefe,0.988,,false,0.0,0.0,0.0,0.0,0.0,0.0,0.0,,,,,279,
false,true,,obs_vm_images,ir.10716,obs_vm_images,false,1,cmsbak002.isw.intel.com,,0,kasbak001-MSDP,,6,ASD,false,,,true,ka,,08/14/2013,08/14/2013 16:46:33,,false,N/A,Unlimited,,Active,,21,vol8,aggr0,false,,,0, sticky,,,-sec=sys rw=@ka_admin:@ka_prod_all:kasvsh099.ka.intel.com root=@ka_admin:kasvsh099.ka.intel.com,,Unix,* root hschroed,kanap01a.ka.intel.com,,,,07/07/2014 17:58:22,,false,false,false,false,false,,,07/07/2014 19:22:10,,07/07/2014 17:58:22,525781,,,,Unlimited,3072000,,,0,,,,0,/nfs/ka/disks/obs_vm_images,false,false,false,0,,1305191.108,aschaefe,10661073,/nfs/ka/disks/obs_vm_images,,hschroed:read write execute root:read write execute all:none  sticky,,,ivi,,,false,none,,08/14/2013,08/14/2013 16:46:24,870400,gmarsh,,,,aschaefe,870400,850.0,768000,0.83,,,0,,Active,,false,,2,true,NETAPP,2770,525781,513.458,0.501,true,aschaefe,0.604,,false,0.0,0.0,0.0,0.0,0.0,0.0,0.0,,,,,55,
