Allocated,AllocatedCmodeTB,AllocatedGB,AllocatedTB,Areas,AutoDetected,AvailInodes,Available,AvailableGB,AvailableTB,BaR_MPX,BaR_Master,BaR_Max_Jobs,BaR_NFS_Client,BaR_Priority,BaR_STU,BaR_Special,BaR_Tier,BaR_Vol_By_Qtree,BusinessGroup,CIFS,CachedCells,Cell,CreatedBySTART,DNSName,DeduplicationStatus,Disk,DiskPool,DiskType,FileServer,InfoCollectionTime,InodesUtilization,IsCache,MaxUsageFactor,MountDir,MountName,NoBackup,OverAllocationAllowed,PercentSpaceSavedFromDeduplication,PhysicalDisks,Policies,Pool_1_Name,Pool_1_Protection,Pool_1_SizeGB,Pool_1_SizeTB,Pool_1_UsedGB,Pool_1_UsedPercent,Pool_1_UsedTB,Pool_2_Name,Pool_2_Protection,Pool_2_SizeGB,Pool_2_SizeTB,Pool_2_UsedGB,Pool_2_UsedPercent,Pool_2_UsedTB,Pool_3_Name,Pool_3_Protection,Pool_3_SizeGB,Pool_3_SizeTB,Pool_3_UsedGB,Pool_3_UsedPercent,Pool_3_UsedTB,Project,RaidType,Reserved,SetupTime,SharedPool,Size,SizeGB,SizeTB,SizeWithSnapshot,SizeWithSnapshotGB,SizeWithSnapshotTB,SlownessDuration1,SlownessDuration14,SlownessDuration30,SlownessDuration60,SlownessDuration7,SlownessEvents1,SlownessEvents14,SlownessEvents30,SlownessEvents60,SlownessEvents7,SnapMirrorSrc,SnapReserve,SnapSchedule,SnapShotUsage,SnapShotUsageGB,SnapShotUsageTB,SpaceSavedFromDeduplication,Status,Tier,TotalInodes,Type,Usage,UsageGB,UsageTB,UsageUpdateTime,UsedGB,UsedTB,VolumeType,avg_latency,cluster,isSnapmirrored,isSystem,other_latency,other_ops,read_data,read_latency,read_ops,total_ops,write_data,write_latency,write_ops
551212,,538.293,0.526,bw-ec_share bw-ctg_mtl_gml_asim ibw-ec_eda_com_disk001 itools ibw-ec_scripts_disk001 ibw_ec_restore_disk001 gen_adm_cmcc ,false,22798714,388820,379.707,0.371,1,,4,,0,,,1,false,,false,,ibw,false,,enabled,ecvol1,aggr0,,bwnap03a,04/14/2014 04:30:14,25,false,1.2,/nfs/site/stod,,false,false,51.0,,,,,0.0,0.0,0.0,0.0,0.0,,,0.0,0.0,0.0,0.0,0.0,,,0.0,0.0,0.0,0.0,0.0,,raid_dp,0,04/28/2013 15:30:46,,783360,765.0,0.747,921600,900,0,0,0,0,0,0,0,0,0,0,0,,15,,0.0,0.0,0.0,202120,Active,2,30475860,NETAPP,192161,187.657,0.183,04/14/2014 04:30:14,187.657,0.183,flex,0.0,,false,false,0.0,0.0,0.0,0.0,0.0,0.0,0.0,0.0,0.0
0,,0.0,0.0,,false,31689821,1471913,1437.415,1.404,1,,4,,0,,,1,false,,false,,ibw,false,,enabled,ecvol2,aggr0,,bwnap03a,04/14/2014 04:38:17,0,false,1.412,/nfs/site/stod,,false,false,0.0,,,,,0.0,0.0,0.0,0.0,0.0,,,0.0,0.0,0.0,0.0,0.0,,,0.0,0.0,0.0,0.0,0.0,,raid_dp,0,04/28/2013 15:30:46,,1042432,1018.0,0.994,1042432,1018,0,0,0,0,0,0,0,0,0,0,0,,0,,0.0,0.0,0.0,0,Active,2,31689917,NETAPP,2973,2.903,0.003,04/14/2014 04:38:17,2.903,0.003,flex,0.0,,false,false,0.0,0.0,0.0,0.0,0.0,0.0,0.0,0.0,0.0
1024,,1.0,0.001,ibw_disks_mcg_snv_cov0001 ,true,24890413,3072,3.0,0.003,1,,4,,0,,,1,false,,false,,ibw,false,,disabled,incavol1,aggr0,,bwnap02b,04/14/2014 04:33:19,0,false,1.0,/nfs/site/stod,,false,false,0.0,,,,,0.0,0.0,0.0,0.0,0.0,,,0.0,0.0,0.0,0.0,0.0,,,0.0,0.0,0.0,0.0,0.0,,raid_dp,0,04/28/2013 15:38:27,,4096,4.0,0.004,5120,5,0,0,0,0,0,0,0,0,0,0,0,,20,,0.0,0.0,0.0,0,Active,2,24903665,NETAPP,804,0.785,0.001,04/14/2014 04:33:19,0.785,0.001,flex,0.0,,false,false,0.0,0.0,0.0,0.0,0.0,0.0,0.0,0.0,0.0
1024,,1.0,0.001,ibw_disks_mcg_snv_cov0002 ,true,24898958,3072,3.0,0.003,1,,4,,0,,,1,false,,false,,ibw,false,,disabled,incavol2,aggr0,,bwnap02b,04/14/2014 04:33:50,0,false,1.0,/nfs/site/stod,,false,false,0.0,,,,,0.0,0.0,0.0,0.0,0.0,,,0.0,0.0,0.0,0.0,0.0,,,0.0,0.0,0.0,0.0,0.0,,raid_dp,0,04/28/2013 15:38:27,,4096,4.0,0.004,5120,5,0,0,0,0,0,0,0,0,0,0,0,,20,,0.0,0.0,0.0,0,Active,2,24903665,NETAPP,79,0.077,0.0,04/14/2014 04:33:50,0.077,0.0,flex,0.0,,false,false,0.0,0.0,0.0,0.0,0.0,0.0,0.0,0.0,0.0
1024,,1.0,0.001,ccdo.hdk.ip_releases.000 ,false,0,9216,9.0,0.009,1,,4,,0,,,1,false,MCG,false,,ibw,true,,,pdxfs197a_pdx_vol9,aggr0,,bwnap02a,04/14/2014 04:29:10,0,true,10.0,/nfs/site/stod,,false,false,0.0,,,,,0.0,0.0,0.0,0.0,0.0,,,0.0,0.0,0.0,0.0,0.0,,,0.0,0.0,0.0,0.0,0.0,CRC,,0,12/27/2013 12:14:51,,1024,1.0,0.001,1024,1,0,0,0,0,0,0,0,0,0,0,0,,0,,0.0,0.0,0.0,0,Active,2,0,FLEXCACHE,0,0.0,0.0,04/14/2014 04:29:10,0.0,0.0,,0.0,,false,false,0.0,0.0,0.0,0.0,0.0,0.0,0.0,0.0,0.0
512000,,500.0,0.488,ccdo.hdk.models.000 ccdo.hdk.models.001 ,false,0,1536000,1500.0,1.465,1,,4,,0,,,1,false,CCDO,false,,ibw,true,,,pdxfs203a_pdx_vol1,aggr0,,bwnap02a,04/14/2014 04:38:34,0,true,10.0,/nfs/site/stod,,false,false,0.0,,,,,0.0,0.0,0.0,0.0,0.0,,,0.0,0.0,0.0,0.0,0.0,,,0.0,0.0,0.0,0.0,0.0,hsw,,0,07/08/2013 09:01:06,,204800,200.0,0.195,204800,200,0,0,0,0,0,0,0,0,0,0,0,,0,,0.0,0.0,0.0,0,Active,2,0,FLEXCACHE,6,0.006,0.0,04/14/2014 04:38:34,0.006,0.0,,0.0,,false,false,0.0,0.0,0.0,0.0,0.0,0.0,0.0,0.0,0.0
509952,,498.0,0.486,ccdo.hdk.ip_models.005 ,false,0,2048,2.0,0.002,1,,4,,0,,,1,false,MCG,false,,ibw,true,,,pdxfs204a_pdx_vol1,aggr0,,bwnap02a,04/14/2014 04:38:39,0,true,10.0,/nfs/site/stod,,false,false,0.0,,,,,0.0,0.0,0.0,0.0,0.0,,,0.0,0.0,0.0,0.0,0.0,,,0.0,0.0,0.0,0.0,0.0,CRC,,0,07/08/2013 09:52:29,,51200,50.0,0.049,51200,50,0,0,0,0,0,0,0,0,0,0,0,,0,,0.0,0.0,0.0,0,Active,2,0,FLEXCACHE,0,0.0,0.0,04/14/2014 04:38:39,0.0,0.0,,0.0,,false,false,0.0,0.0,0.0,0.0,0.0,0.0,0.0,0.0,0.0
1227776,,1199.0,1.171,ccdo.hdk.models.002 ,false,0,1024,1.0,0.001,1,,4,,0,,,1,false,MCG,false,,ibw,true,,,pdxfs223a_pdx_vol0,aggr0,,bwnap02a,04/14/2014 04:30:18,0,true,10.0,/nfs/site/stod,,false,false,0.0,,,,,0.0,0.0,0.0,0.0,0.0,,,0.0,0.0,0.0,0.0,0.0,,,0.0,0.0,0.0,0.0,0.0,CRC,,0,07/08/2013 09:11:01,,122880,120.0,0.117,122880,120,0,0,0,0,0,0,0,0,0,0,0,,0,,0.0,0.0,0.0,0,Active,2,0,FLEXCACHE,6,0.006,0.0,04/14/2014 04:30:18,0.006,0.0,,0.0,,false,false,0.0,0.0,0.0,0.0,0.0,0.0,0.0,0.0,0.0
664576,,649.0,0.634,ccdo.hdk.ip_releases.001 ,false,0,52224,51.0,0.05,1,,4,,0,,,1,false,MCG,false,,ibw,true,,,pdxfs223a_pdx_vol1,aggr0,,bwnap02a,04/14/2014 04:38:22,0,true,10.0,/nfs/site/stod,,false,false,0.0,,,,,0.0,0.0,0.0,0.0,0.0,,,0.0,0.0,0.0,0.0,0.0,,,0.0,0.0,0.0,0.0,0.0,CRC,,0,12/27/2013 12:16:06,,71680,70.0,0.068,71680,70,0,0,0,0,0,0,0,0,0,0,0,,0,,0.0,0.0,0.0,0,Active,2,0,FLEXCACHE,0,0.0,0.0,04/14/2014 04:38:22,0.0,0.0,,0.0,,false,false,0.0,0.0,0.0,0.0,0.0,0.0,0.0,0.0,0.0
509952,,498.0,0.486,ccdo.hdk.ip_models.004 ,false,0,2048,2.0,0.002,1,,4,,0,,,1,false,MCG,false,,ibw,true,,,pdxfs223b_pdx_vol1,aggr0,,bwnap02a,04/14/2014 04:33:36,0,true,10.0,/nfs/site/stod,,false,false,0.0,,,,,0.0,0.0,0.0,0.0,0.0,,,0.0,0.0,0.0,0.0,0.0,,,0.0,0.0,0.0,0.0,0.0,CRC,,0,07/08/2013 09:51:44,,51200,50.0,0.049,51200,50,0,0,0,0,0,0,0,0,0,0,0,,0,,0.0,0.0,0.0,0,Active,2,0,FLEXCACHE,2,0.002,0.0,04/14/2014 04:33:36,0.002,0.0,,0.0,,false,false,0.0,0.0,0.0,0.0,0.0,0.0,0.0,0.0,0.0
563200,,550.0,0.537,ccdo.hdk.ip_models.006 ,false,0,0,0.0,0.0,1,,4,,0,,,1,false,MCG,false,,ibw,true,,,pdxfs223b_pdx_vol3,aggr0,,bwnap02a,04/14/2014 04:33:44,0,true,10.0,/nfs/site/stod,,false,false,0.0,,,,,0.0,0.0,0.0,0.0,0.0,,,0.0,0.0,0.0,0.0,0.0,,,0.0,0.0,0.0,0.0,0.0,CRC,,0,07/08/2013 10:32:56,,56320,55.0,0.054,56320,55,0,0,0,0,0,0,0,0,0,0,0,,0,,0.0,0.0,0.0,0,Active,2,0,FLEXCACHE,0,0.0,0.0,04/14/2014 04:33:44,0.0,0.0,,0.0,,false,false,0.0,0.0,0.0,0.0,0.0,0.0,0.0,0.0,0.0
512000,,500.0,0.488,ccdo.val.work.270 ,false,0,0,0.0,0.0,1,,4,,0,,,1,false,MCG,false,,ibw,true,,,pdxfs247a_pdx_vol5,aggr0,,bwnap02a,04/14/2014 04:38:00,0,true,10.0,/nfs/site/stod,,false,false,0.0,,,,,0.0,0.0,0.0,0.0,0.0,,,0.0,0.0,0.0,0.0,0.0,,,0.0,0.0,0.0,0.0,0.0,CRC,,0,06/20/2013 21:15:32,,51200,50.0,0.049,51200,50,0,0,0,0,0,0,0,0,0,0,0,,0,,0.0,0.0,0.0,0,Active,2,0,FLEXCACHE,769,0.751,0.001,04/14/2014 04:38:00,0.751,0.001,,0.0,,false,false,0.0,0.0,0.0,0.0,0.0,0.0,0.0,0.0,0.0
511376,,499.391,0.488,ccdo.hdk.vjt_emu.1 ,false,0,103024,100.609,0.098,1,,4,,0,,,1,false,MCG,false,,ibw,true,,,pdxfs250a_pdx_vol0,aggr0,,bwnap02a,04/14/2014 04:33:03,0,true,10.0,/nfs/site/stod,,false,false,0.0,,,,,0.0,0.0,0.0,0.0,0.0,,,0.0,0.0,0.0,0.0,0.0,,,0.0,0.0,0.0,0.0,0.0,CRC,,0,12/15/2013 12:46:54,,61440,60.0,0.059,61440,60,0,0,0,0,0,0,0,0,0,0,0,,0,,0.0,0.0,0.0,0,Active,2,0,FLEXCACHE,0,0.0,0.0,04/14/2014 04:33:03,0.0,0.0,,0.0,,false,false,0.0,0.0,0.0,0.0,0.0,0.0,0.0,0.0,0.0
1004134,,980.6,0.958,ccdo.hdk.ip_models.001 ccdo.hdk.ip_models.002 ,false,0,1043866,1019.4,0.996,1,,4,,0,,,1,false,MCG,false,,ibw,true,,,pdxfs250a_pdx_vol1,aggr0,,bwnap02a,04/14/2014 04:26:59,0,true,10.0,/nfs/site/stod,,false,false,0.0,,,,,0.0,0.0,0.0,0.0,0.0,,,0.0,0.0,0.0,0.0,0.0,,,0.0,0.0,0.0,0.0,0.0,CRC,,0,07/08/2013 09:41:41,,204800,200.0,0.195,204800,200,0,0,0,0,0,0,0,0,0,0,0,,0,,0.0,0.0,0.0,0,Active,2,0,FLEXCACHE,22557,22.028,0.022,04/14/2014 04:26:59,22.028,0.022,,0.0,,false,false,0.0,0.0,0.0,0.0,0.0,0.0,0.0,0.0,0.0
2048000,,2000.0,1.953,ccdo.hdk.models.007 ccdo.hdk.models.003 ,false,0,2048000,2000.0,1.953,1,,4,,0,,,1,false,CCDO,false,,ibw,true,,,pdxfs250a_pdx_vol2,aggr0,,bwnap02a,04/14/2014 04:39:09,0,true,10.0,/nfs/site/stod,,false,false,0.0,,,,,0.0,0.0,0.0,0.0,0.0,,,0.0,0.0,0.0,0.0,0.0,,,0.0,0.0,0.0,0.0,0.0,hsw,,0,07/09/2013 13:12:46,,409600,400.0,0.391,409600,400,0,0,0,0,0,0,0,0,0,0,0,,0,,0.0,0.0,0.0,0,Active,2,0,FLEXCACHE,4448,4.344,0.004,04/14/2014 04:39:09,4.344,0.004,,0.0,,false,false,0.0,0.0,0.0,0.0,0.0,0.0,0.0,0.0,0.0
4249600,,4150.0,4.053,pdx_disks_ccdo.hdk.emu_models.001 ccdo.hdk.emu_models.003 ,false,0,870400,850.0,0.83,1,,4,,0,,,1,false,MCG,false,,ibw,true,,,pdxfs250a_pdx_vol3,aggr0,,bwnap02a,04/14/2014 04:35:13,0,true,10.0,/nfs/site/stod,,false,false,0.0,,,,,0.0,0.0,0.0,0.0,0.0,,,0.0,0.0,0.0,0.0,0.0,,,0.0,0.0,0.0,0.0,0.0,CRC,,0,07/03/2013 07:51:52,,512000,500.0,0.488,512000,500,0,0,0,0,0,0,0,0,0,0,0,,0,,0.0,0.0,0.0,0,Active,2,0,FLEXCACHE,8779,8.573,0.008,04/14/2014 04:35:13,8.573,0.008,,0.0,,false,false,0.0,0.0,0.0,0.0,0.0,0.0,0.0,0.0,0.0
4249600,,4150.0,4.053,ccdo.hdk.emu_models.004 pdx_disks_ccdo.hdk.emu_models.002 ,false,0,870400,850.0,0.83,1,,4,,0,,,1,false,MCG,false,,ibw,true,,,pdxfs250a_pdx_vol4,aggr0,,bwnap02a,04/14/2014 04:38:26,0,true,10.0,/nfs/site/stod,,false,false,0.0,,,,,0.0,0.0,0.0,0.0,0.0,,,0.0,0.0,0.0,0.0,0.0,,,0.0,0.0,0.0,0.0,0.0,CRC,,0,07/03/2013 07:53:42,,512000,500.0,0.488,512000,500,0,0,0,0,0,0,0,0,0,0,0,,0,,0.0,0.0,0.0,0,Active,2,0,FLEXCACHE,6096,5.953,0.006,04/14/2014 04:38:26,5.953,0.006,,0.0,,false,false,0.0,0.0,0.0,0.0,0.0,0.0,0.0,0.0,0.0
2611200,,2550.0,2.49,ccdo.hdk.models.004 ccdo.hdk.emu_models.005 ,false,0,460800,450.0,0.439,1,,4,,0,,,1,false,MCG,false,,ibw,true,,,pdxfs250a_pdx_vol5,aggr0,,bwnap02a,04/14/2014 04:31:47,0,true,10.0,/nfs/site/stod,,false,false,0.0,,,,,0.0,0.0,0.0,0.0,0.0,,,0.0,0.0,0.0,0.0,0.0,,,0.0,0.0,0.0,0.0,0.0,CRC,,0,06/28/2013 14:35:02,,307200,300.0,0.293,307200,300,0,0,0,0,0,0,0,0,0,0,0,,0,,0.0,0.0,0.0,0,Active,2,0,FLEXCACHE,13303,12.991,0.013,04/14/2014 04:31:47,12.991,0.013,,0.0,,false,false,0.0,0.0,0.0,0.0,0.0,0.0,0.0,0.0,0.0
1926144,,1881.0,1.837,ccdo.hdk.models.006 ccdo.hdk.ip_models.003 ,false,0,121856,119.0,0.116,1,,4,,0,,,1,false,MCG,false,,ibw,true,,,pdxfs250a_pdx_vol7,aggr0,,bwnap02a,04/14/2014 04:29:06,0,true,10.0,/nfs/site/stod,,false,false,0.0,,,,,0.0,0.0,0.0,0.0,0.0,,,0.0,0.0,0.0,0.0,0.0,,,0.0,0.0,0.0,0.0,0.0,CRC,,0,07/04/2013 13:33:31,,204800,200.0,0.195,204800,200,0,0,0,0,0,0,0,0,0,0,0,,0,,0.0,0.0,0.0,0,Active,2,0,FLEXCACHE,4910,4.795,0.005,04/14/2014 04:29:06,4.795,0.005,,0.0,,false,false,0.0,0.0,0.0,0.0,0.0,0.0,0.0,0.0,0.0
614400,,600.0,0.586,ccdo.soc.hdk.rtl.004 ,false,0,102400,100.0,0.098,1,,4,,0,,,1,false,MCG,false,,ibw,true,,,pdxfs263a_pdx_vol2,aggr0,,bwnap02a,04/14/2014 04:39:09,0,true,10.0,/nfs/site/stod,,false,false,0.0,,,,,0.0,0.0,0.0,0.0,0.0,,,0.0,0.0,0.0,0.0,0.0,,,0.0,0.0,0.0,0.0,0.0,CRC,,0,08/05/2013 13:19:36,,71680,70.0,0.068,71680,70,0,0,0,0,0,0,0,0,0,0,0,,0,,0.0,0.0,0.0,0,Active,2,0,FLEXCACHE,1329,1.298,0.001,04/14/2014 04:39:09,1.298,0.001,,0.0,,false,false,0.0,0.0,0.0,0.0,0.0,0.0,0.0,0.0,0.0
3564544,,3481.0,3.399,ccdo.hdk.models.008 ,false,0,0,0.0,0.0,1,,4,,0,,,1,false,MCG,false,,ibw,true,,,pdxfs263b_pdx_vol5,aggr0,,bwnap02a,04/14/2014 04:27:26,0,true,10.0,/nfs/site/stod,,false,false,0.0,,,,,0.0,0.0,0.0,0.0,0.0,,,0.0,0.0,0.0,0.0,0.0,,,0.0,0.0,0.0,0.0,0.0,CRC,,0,09/03/2013 15:00:06,,102400,100.0,0.098,102400,100,0,0,0,0,0,0,0,0,0,0,0,,0,,0.0,0.0,0.0,0,Active,2,0,FLEXCACHE,1638,1.6,0.002,04/14/2014 04:27:26,1.6,0.002,,0.0,,false,false,0.0,0.0,0.0,0.0,0.0,0.0,0.0,0.0,0.0
3564544,,3481.0,3.399,ccdo.hdk.models.009 ,false,0,0,0.0,0.0,1,,4,,0,,,1,false,MCG,false,,ibw,true,,,pdxfs263b_pdx_vol6,aggr0,,bwnap02a,04/14/2014 04:33:40,0,true,10.0,/nfs/site/stod,,false,false,0.0,,,,,0.0,0.0,0.0,0.0,0.0,,,0.0,0.0,0.0,0.0,0.0,,,0.0,0.0,0.0,0.0,0.0,CRC,,0,09/03/2013 18:09:52,,102400,100.0,0.098,102400,100,0,0,0,0,0,0,0,0,0,0,0,,0,,0.0,0.0,0.0,0,Active,2,0,FLEXCACHE,59,0.058,0.0,04/14/2014 04:33:40,0.058,0.0,,0.0,,false,false,0.0,0.0,0.0,0.0,0.0,0.0,0.0,0.0,0.0
1305600,,1275.0,1.245,ccdo.hdk.models.005 ,false,0,25600,25.0,0.024,1,,4,,0,,,1,false,MCG,false,,ibw,true,,,pdxfs263b_pdx_vol7,aggr0,,bwnap02a,04/14/2014 04:33:09,0,true,10.0,/nfs/site/stod,,false,false,0.0,,,,,0.0,0.0,0.0,0.0,0.0,,,0.0,0.0,0.0,0.0,0.0,,,0.0,0.0,0.0,0.0,0.0,CRC,,0,07/09/2013 13:13:26,,133120,130.0,0.127,133120,130,0,0,0,0,0,0,0,0,0,0,0,,0,,0.0,0.0,0.0,0,Active,2,0,FLEXCACHE,7,0.007,0.0,04/14/2014 04:33:09,0.007,0.0,,0.0,,false,false,0.0,0.0,0.0,0.0,0.0,0.0,0.0,0.0,0.0
1024000,,1000.0,0.977,ccdo.soc.hdk.rtl.008 ,false,0,0,0.0,0.0,1,,4,,0,,,1,false,MCG,false,,ibw,true,,,pdxfs265b_pdx_vol5,aggr0,,bwnap02a,04/14/2014 04:28:47,0,true,10.0,/nfs/site/stod,,false,false,0.0,,,,,0.0,0.0,0.0,0.0,0.0,,,0.0,0.0,0.0,0.0,0.0,,,0.0,0.0,0.0,0.0,0.0,CRC,,0,09/02/2013 08:54:12,,102400,100.0,0.098,102400,100,0,0,0,0,0,0,0,0,0,0,0,,0,,0.0,0.0,0.0,0,Active,2,0,FLEXCACHE,112,0.109,0.0,04/14/2014 04:28:47,0.109,0.0,,0.0,,false,false,0.0,0.0,0.0,0.0,0.0,0.0,0.0,0.0,0.0
2048000,,2000.0,1.953,ccdo.hdk.emu_models.006 ,false,0,0,0.0,0.0,1,,4,,0,,,1,false,MCG,false,,ibw,true,,,pdxfs276b_pdx_vol1,aggr0,,bwnap02a,04/14/2014 04:30:08,0,true,10.0,/nfs/site/stod,,false,false,0.0,,,,,0.0,0.0,0.0,0.0,0.0,,,0.0,0.0,0.0,0.0,0.0,,,0.0,0.0,0.0,0.0,0.0,CRC,,0,12/13/2013 09:37:46,,204800,200.0,0.195,204800,200,0,0,0,0,0,0,0,0,0,0,0,,0,,0.0,0.0,0.0,0,Active,2,0,FLEXCACHE,509,0.497,0.0,04/14/2014 04:30:08,0.497,0.0,,0.0,,false,false,0.0,0.0,0.0,0.0,0.0,0.0,0.0,0.0,0.0
4096000,,4000.0,3.906,ccdo.hdk.emu_models.008 ccdo.hdk.emu_models.007 ,false,0,0,0.0,0.0,1,,4,,0,,,1,false,MCG,false,,ibw,true,,,pdxfs279b_pdx_vol0,aggr0,,bwnap01a,04/14/2014 04:36:56,0,true,10.0,/nfs/site/stod,,false,false,0.0,,,,,0.0,0.0,0.0,0.0,0.0,,,0.0,0.0,0.0,0.0,0.0,,,0.0,0.0,0.0,0.0,0.0,hsw,,0,01/21/2014 23:22:57,,409600,400.0,0.391,409600,400,0,0,0,0,0,0,0,0,0,0,0,,0,,0.0,0.0,0.0,0,Active,3,0,FLEXCACHE,0,0.0,0.0,04/14/2014 04:36:56,0.0,0.0,,0.0,,false,false,0.0,0.0,0.0,0.0,0.0,0.0,0.0,0.0,0.0
1944820,,1899.238,1.855,bw-pve_EMU_USER_002 bw-pve_AVN_EMU_USER_002 bw-pve_AVN_EMU_USER_003 bw-pve_EMU_USER_001 ,false,18458022,16539,16.151,0.016,1,,4,,0,,,1,false,,false,,ibw,false,,disabled,pve_vol1,aggr1,,bwnap01a,04/14/2014 04:34:53,42,false,1.186,/nfs/site/stod,,false,false,0.0,,,,,0.0,0.0,0.0,0.0,0.0,,,0.0,0.0,0.0,0.0,0.0,,,0.0,0.0,0.0,0.0,0.0,,raid_dp,0,04/28/2013 15:36:44,,1653760,1615.0,1.577,1945600,1900,1,0,0,0,0,0,0,0,0,0,0,,15,,0.0,0.0,0.0,0,Active,3,31876689,NETAPP,986133,963.021,0.94,04/14/2014 04:34:53,963.021,0.94,flex,0.0,,false,false,0.0,0.0,0.0,0.0,0.0,0.0,0.0,0.0,0.0
1689600,,1650.0,1.611,bw-pve_AVN_EMU_USER_005 bw-pve_EMU_USER_003 bw-pve_AVN_EMU_USER_006 ,false,15900038,255221,249.239,0.243,1,,4,,0,,,1,false,,false,,ibw,false,,disabled,pve_vol2,aggr1,,bwnap01a,04/14/2014 04:34:55,50,false,1.176,/nfs/site/stod,,false,false,0.0,,,,,0.0,0.0,0.0,0.0,0.0,,,0.0,0.0,0.0,0.0,0.0,,,0.0,0.0,0.0,0.0,0.0,,raid_dp,0,04/28/2013 15:36:44,,1653760,1615.0,1.577,1945600,1900,1,0,0,0,0,0,0,0,0,0,0,,15,,0.0,0.0,0.0,0,Active,3,31876689,NETAPP,1031652,1007.473,0.984,04/14/2014 04:34:55,1007.473,0.984,flex,0.0,,false,false,0.0,0.0,0.0,0.0,0.0,0.0,0.0,0.0,0.0
0,,0.0,0.0,,true,10303632,13107,12.8,0.012,1,,4,,0,,,1,false,,false,,ibw,false,,disabled,root,aggr0,,bwnap01a,04/14/2014 04:34:08,0,false,1.0,/nfs/site/stod,,false,false,0.0,,,,,0.0,0.0,0.0,0.0,0.0,,,0.0,0.0,0.0,0.0,0.0,,,0.0,0.0,0.0,0.0,0.0,,raid_dp,0,04/28/2013 15:36:44,,13107,12.8,0.012,16384,16,0,0,0,0,0,0,0,0,0,0,0,,20,,0.0,0.0,0.0,0,Active,3,10310779,NETAPP,1610,1.572,0.002,04/14/2014 04:34:08,1.572,0.002,flex,0.0,,false,true,0.0,0.0,0.0,0.0,0.0,0.0,0.0,0.0,0.0
0,,0.0,0.0,,true,10303631,13107,12.8,0.012,1,,4,,0,,,1,false,,false,,ibw,false,,disabled,root,aggr0,,bwnap01b,04/14/2014 04:38:49,0,false,1.0,/nfs/site/stod,,false,false,0.0,,,,,0.0,0.0,0.0,0.0,0.0,,,0.0,0.0,0.0,0.0,0.0,,,0.0,0.0,0.0,0.0,0.0,,raid_dp,0,04/28/2013 15:39:04,,13107,12.8,0.012,16384,16,0,0,0,0,0,0,0,0,0,0,0,,20,,0.0,0.0,0.0,0,Active,3,10310779,NETAPP,1416,1.383,0.001,04/14/2014 04:38:49,1.383,0.001,flex,0.0,,false,true,0.0,0.0,0.0,0.0,0.0,0.0,0.0,0.0,0.0
0,,0.0,0.0,,true,7769025,204800,200.0,0.195,1,,4,,0,,,1,false,,false,,ibw,false,,disabled,root,aggr0,,bwnap02a,04/14/2014 04:32:11,0,false,1.0,/nfs/site/stod,,false,false,0.0,,,,,0.0,0.0,0.0,0.0,0.0,,,0.0,0.0,0.0,0.0,0.0,,,0.0,0.0,0.0,0.0,0.0,,raid_dp,0,04/28/2013 15:33:02,,204800,200.0,0.195,256000,250,0,0,0,0,0,0,0,0,0,0,0,,20,,0.0,0.0,0.0,0,Active,2,7782396,NETAPP,7944,7.758,0.008,04/14/2014 04:32:11,7.758,0.008,flex,0.0,,false,true,0.0,0.0,0.0,0.0,0.0,0.0,0.0,0.0,0.0
0,,0.0,0.0,,true,7769083,204800,200.0,0.195,1,,4,,0,,,1,false,,false,,ibw,false,,disabled,root,aggr0,,bwnap02b,04/14/2014 04:31:22,0,false,1.0,/nfs/site/stod,,false,false,0.0,,,,,0.0,0.0,0.0,0.0,0.0,,,0.0,0.0,0.0,0.0,0.0,,,0.0,0.0,0.0,0.0,0.0,,raid_dp,0,04/28/2013 15:38:27,,204800,200.0,0.195,256000,250,0,0,0,0,0,0,0,0,0,0,0,,20,,0.0,0.0,0.0,0,Active,2,7782396,NETAPP,8117,7.927,0.008,04/14/2014 04:31:22,7.927,0.008,flex,0.0,,false,true,0.0,0.0,0.0,0.0,0.0,0.0,0.0,0.0,0.0
0,,0.0,0.0,,true,7775401,217600,212.5,0.208,1,,4,,0,,,1,false,,false,,ibw,false,,disabled,root,aggr0,,bwnap03a,04/14/2014 04:38:05,0,false,1.0,/nfs/site/stod,,false,false,0.0,,,,,0.0,0.0,0.0,0.0,0.0,,,0.0,0.0,0.0,0.0,0.0,,,0.0,0.0,0.0,0.0,0.0,,raid_dp,0,04/28/2013 15:30:46,,217600,212.5,0.208,256000,250,0,0,0,0,0,0,0,0,0,0,0,,15,,0.0,0.0,0.0,0,Active,2,7782396,NETAPP,6722,6.564,0.006,04/14/2014 04:38:05,6.564,0.006,flex,0.0,,false,true,0.0,0.0,0.0,0.0,0.0,0.0,0.0,0.0,0.0
0,,0.0,0.0,,true,7775265,217600,212.5,0.208,1,,4,,0,,,1,false,,false,,ibw,false,,disabled,root,aggr0,,bwnap03b,04/14/2014 04:28:10,0,false,1.0,/nfs/site/stod,,false,false,0.0,,,,,0.0,0.0,0.0,0.0,0.0,,,0.0,0.0,0.0,0.0,0.0,,,0.0,0.0,0.0,0.0,0.0,,raid_dp,0,04/28/2013 15:30:14,,217600,212.5,0.208,256000,250,0,0,0,0,0,0,0,0,0,0,0,,15,,0.0,0.0,0.0,0,Active,2,7782396,NETAPP,3910,3.818,0.004,04/14/2014 04:28:10,3.818,0.004,flex,0.0,,false,true,0.0,0.0,0.0,0.0,0.0,0.0,0.0,0.0,0.0
2048000,,2000.0,1.953,bw-il_scratch006 bw-il_scratch008 bw-il_scratch001 ,true,256582840,1040932,1016.535,0.993,1,,4,,0,,,1,false,,false,,ibw,false,,,vol1,,,bwefs01a.ibw.intel.com,04/14/2014 04:32:08,1,false,1.0,/nfs/site/stod,,false,false,0.0,,,,,0.0,0.0,0.0,0.0,0.0,,,0.0,0.0,0.0,0.0,0.0,,,0.0,0.0,0.0,0.0,0.0,,,0,10/12/2011 14:10:19,,3088932,3016.535,2.946,3088932,3016,2,0,0,0,0,0,0,0,0,0,0,,0,,0.0,0.0,0.0,0,Active,5,257949694,EMC,1186769,1158.954,1.132,04/14/2014 04:32:08,1158.954,1.132,,0.0,,false,false,0.0,0.0,0.0,0.0,0.0,0.0,0.0,0.0,0.0
1816762,,1774.182,1.733,eda_data_disk0007 gen_adm_ecdw gen_adm_netbatch gen_adm_cfengine eda_data_disk0004 gen_adm_ecam ibw_ldg_vt_disk001 gen_adm_gns gen_adm_csd gen_adm_osgot gen_adm_nas_disk001 eda_license bw-ibwusers eda_data_disk0001 eda_adm eda_data_disk0003 ibwusershome eda_tools eda_group ibw_legacy_proj eda_data_disk0006 proj_vt_tools gen_adm_dsttm eda_data_disk0002 ,false,12754901,426780,416.777,0.407,1,,4,,0,,,1,false,,false,,ibw,false,,enabled,vol1,aggr0,,bwnap01a,04/14/2014 04:31:57,60,false,1.2,/nfs/site/stod,,false,false,41.0,,,,,0.0,0.0,0.0,0.0,0.0,,,0.0,0.0,0.0,0.0,0.0,,,0.0,0.0,0.0,0.0,0.0,,raid_dp,0,04/28/2013 15:36:44,,1869619,1825.8,1.783,2199552,2148,2,0,0,0,0,0,0,0,0,0,0,,15,,0.0,0.0,0.0,582915,Active,3,31876689,NETAPP,805658,786.775,0.768,04/14/2014 04:31:57,786.775,0.768,flex,0.0,,false,false,0.0,0.0,0.0,0.0,0.0,0.0,0.0,0.0,0.0
0,,0.0,0.0,,false,31876566,7841,7.657,0.007,1,,4,,0,,,1,false,,false,,ibw,false,,enabled,vol1,aggr0,,bwnap01b,04/14/2014 04:33:50,0,false,1.001,/nfs/site/stod,,false,false,0.0,,,,,0.0,0.0,0.0,0.0,0.0,,,0.0,0.0,0.0,0.0,0.0,,,0.0,0.0,0.0,0.0,0.0,,raid_dp,0,04/28/2013 15:39:04,,7834,7.65,0.007,9216,9,0,0,0,0,0,0,0,0,0,0,0,,15,,0.0,0.0,0.0,9,Active,3,31876689,NETAPP,4161,4.063,0.004,04/14/2014 04:33:50,4.063,0.004,flex,0.0,,false,false,0.0,0.0,0.0,0.0,0.0,0.0,0.0,0.0,0.0
1551452,,1515.09,1.48,eda_data_disk_lnv_01 ibw_proj_avtb eda_data_disk0008 ibw_proj_eda ibw_proj_chuckanut ibw_cse_disk002 proj_dpg_tests ibw_conf_papers ibw_proj_cse eda_data_disk_lrb_02 proj_dpg_arch ibw_vt_disk003 bw-ec_vminfra gen_adm_synchronicity ibw_disks_avtb_disk1 ibw_cse_disk001 ibw_ldg_vt_disk001_risk ibw_proj_acd_proj ibw_proj_CTO ibw_vt_disk004 gen_adm_ec_local_sudo eda_data_disk_lrb_01 bw-ec_ecgo gen_adm_linuxset ,true,26193328,319908,312.41,0.305,1,,4,,0,,,1,false,,false,,ibw,false,,enabled,vol1,aggr0,,bwnap02a,04/14/2014 04:38:06,18,false,1.0,/nfs/site/stod,,false,false,35.0,,,,,0.0,0.0,0.0,0.0,0.0,,,0.0,0.0,0.0,0.0,0.0,,,0.0,0.0,0.0,0.0,0.0,,raid_dp,0,04/28/2013 15:33:02,,1871360,1827.5,1.785,2201600,2150,2,0,0,0,0,0,0,0,0,0,0,,15,,0.0,0.0,0.0,394840,Active,2,31876689,NETAPP,731117,713.981,0.697,04/14/2014 04:38:06,713.981,0.697,flex,0.0,,false,false,0.0,0.0,0.0,0.0,0.0,0.0,0.0,0.0,0.0
3328100,,3250.098,3.174,ibw_disks_mcg_snv_ckt0003 BW-DEG_VCG_MCEMU_MODREL06 VCG_LRB2_MCEMU002 bw-vcg_proj_sle ibw_disks_mcg_snv_ckt0004 VCG_LRB2_MCEMU001 eda_data_eda_socenv_07 ,true,20034867,6402,6.252,0.006,1,,4,,0,,,1,false,,false,,ibw,false,,enabled,vol1,aggr0,,bwnap02b,04/14/2014 04:26:28,37,false,1.0,/nfs/site/stod,,false,false,32.0,,,,,0.0,0.0,0.0,0.0,0.0,,,0.0,0.0,0.0,0.0,0.0,,,0.0,0.0,0.0,0.0,0.0,,raid_dp,0,04/28/2013 15:38:27,,3334502,3256.35,3.18,3922944,3831,3,0,0,0,0,0,0,0,0,0,0,,15,,0.0,0.0,0.0,578870,Active,2,31876689,NETAPP,1195859,1167.831,1.14,04/14/2014 04:26:28,1167.831,1.14,flex,0.0,,false,false,0.0,0.0,0.0,0.0,0.0,0.0,0.0,0.0,0.0
808970,,790.01,0.771,eda_mtl_data_disk_01 bw-ctg_mtl_gml bw-il_disk_mtl_02 bw-eda_socenv_10 bw-ctg_mtl_gml_disk001 bw-il_disk005 bw-il_disk001 ,false,26068721,415160,405.43,0.396,1,,4,,0,,,1,false,,false,,ibw,false,,enabled,vol1,aggr0,,bwnap03a,04/14/2014 04:31:33,18,false,1.172,/nfs/site/stod,,false,false,31.0,,,,,0.0,0.0,0.0,0.0,0.0,,,0.0,0.0,0.0,0.0,0.0,,,0.0,0.0,0.0,0.0,0.0,,raid_dp,0,04/28/2013 15:30:46,,1044480,1020.0,0.996,1228800,1200,1,0,0,0,0,0,0,0,0,0,0,,15,,0.0,0.0,0.0,179148,Active,2,31876689,NETAPP,396423,387.132,0.378,04/14/2014 04:31:33,387.132,0.378,flex,0.0,,false,false,0.0,0.0,0.0,0.0,0.0,0.0,0.0,0.0,0.0
3260971,,3184.542,3.11,ibw_disks_bw-iag_cap_mnr_0020 bw-iag_cap-mnr_eda-gns0001 bw-proj-cdr ibw_disks_bw-iag_cap_mnr-ivb_scache proj_mnr ibw_ams_team_disk001 ibw_disks_bw-iag_cap_mnr_0013 ibw_disks_mnr_tcad bw-iag_cap_mnr-ivb_PV-archive ibw_disks_bw-iag_cap_mnr_0006 ibw_disks_bw-iag_cap_mnr_0018 bw-iag_cap-mnr_0010 bw-iag_cap_mnr_0002 ibw_disks_exalab_disk0001 bw-deg_dap-btc_001 bw-iag_cap_mnr-ivb_0006 bw-iag_cap_mnr-ivb_0003 bw-iag_cap_mnr_UE0002 bw-iag_cap_mnr-ivb_0004 bw-iag_cap_mnr_0003 bw-iag_cap_mnr-ivb_0002 bw-iag_cap_mnr_0010 bw-iag_cap_mnr-ivb_0001 bw-iag_cap_mnr_0004 ibw_disks_bw-iag_cap_mnr-ivb_ivbstd ibw_disks_bw-iag_cap_mnr_0014 ibw_disks_bw-iag_cap_mnr-ivb_0009 ibw_disks_bw-iag_cap_mnr-ivb_be-idc0001 bw-deg_dap-btc_002 bw-iag_cap_mnr-ivb_0007 bw-iag_cap_mnr_0001 ibw_disks_mcd_mnr-hwtv_itgr-int001 bw-iag_cap-mnr_UE0001 bw-iag_cap-mnr_val0002 bw-iag_cap_mnr_0008 bw-deg_dap-btc_work001 ibw_disks_mnr.tests.2 BW-DEG_ADO_PG2 ,false,7432402,1017218,993.377,0.97,1,,4,,0,,,1,false,,false,,ibw,false,,enabled,vol1,aggr0,,bwnap03b,04/14/2014 04:30:12,84,false,1.2,/nfs/site/stod,,false,false,43.0,,,,,0.0,0.0,0.0,0.0,0.0,,,0.0,0.0,0.0,0.0,0.0,,,0.0,0.0,0.0,0.0,0.0,,raid_dp,0,04/28/2013 15:30:14,,3565158,3481.6,3.4,4194304,4096,4,0,0,0,0,0,0,0,0,0,0,,15,,0.0,0.0,0.0,1230431,Active,2,46186325,NETAPP,1584614,1547.475,1.511,04/14/2014 04:30:12,1547.475,1.511,flex,0.0,,false,false,0.0,0.0,0.0,0.0,0.0,0.0,0.0,0.0,0.0
921600,,900.0,0.879,ibw_disks_cds_c14.vobs ,false,31702452,153699,150.097,0.147,1,,4,,0,,,1,false,,false,,ibw,false,,disabled,vol10,aggr0,,bwnap01b,04/14/2014 04:28:13,1,false,1.124,/nfs/site/stod,,false,false,0.0,,,,,0.0,0.0,0.0,0.0,0.0,,,0.0,0.0,0.0,0.0,0.0,,,0.0,0.0,0.0,0.0,0.0,,raid_dp,0,10/10/2013 09:01:35,,956672,934.25,0.912,1125496,1099,1,0,0,0,0,0,0,0,0,0,0,,15,,0.0,0.0,0.0,0,Active,3,31876689,NETAPP,659274,643.822,0.629,04/14/2014 04:28:13,643.822,0.629,flex,0.0,,false,false,0.0,0.0,0.0,0.0,0.0,0.0,0.0,0.0,0.0
4213760,,4115.0,4.019,hdk.vlw.001 ibw_disks_hdk71.noble.admin hdk.logs.01 hdk.archive.001 ibw_disks_hdk.cad.2 ibw_disks_hdk71.noble.1 hdk.dms.001 hdk.collateral.1 ibw_disks_hdk71.noble-linktree.1 hdk.prdenv.1 hdk.devenv.1 hdk.lcroot.001 hdk.cad.1 ibw_disks_hdk.vlw.002 ,true,10468094,19866,19.4,0.019,1,,4,,0,,,1,false,,false,,ibw,false,,disabled,vol10,aggr0,,bwnap02a,04/14/2014 04:37:09,70,false,1.0,/nfs/site/stod,,false,false,0.0,,,,,0.0,0.0,0.0,0.0,0.0,,,0.0,0.0,0.0,0.0,0.0,,,0.0,0.0,0.0,0.0,0.0,,raid_dp,0,04/28/2013 15:33:03,,4233626,4134.4,4.038,4980736,4864,4,0,0,0,0,0,0,0,0,0,0,,15,,0.0,0.0,0.0,0,Active,2,35064340,NETAPP,2399979,2343.729,2.289,04/14/2014 04:37:09,2343.729,2.289,flex,0.0,,false,false,0.0,0.0,0.0,0.0,0.0,0.0,0.0,0.0,0.0
4002816,,3909.0,3.817,ibw_disks_imc.soc.rtl.01 ccdo.soc.cad_root.1 ccdo.soc.cpan.lib.000 ccdo.hdk.valid_root.000 ccdo.soc.hdk.rtl.001 ccdo.soc.hdk.rtl.000 ccdo.soc.cad_root.0 ibw_disks_imc.soc.rtl.00 ,true,1841630,102,0.1,0.0,1,,4,,0,,,1,false,,false,,ibw,false,,enabled,vol10,aggr0,,bwnap02b,04/14/2014 04:28:51,96,false,1.0,/nfs/site/stod,,false,false,49.0,,,,,0.0,0.0,0.0,0.0,0.0,,,0.0,0.0,0.0,0.0,0.0,,,0.0,0.0,0.0,0.0,0.0,,raid_dp,0,04/28/2013 15:38:27,,4002918,3909.1,3.817,4709315,4598,4,0,0,0,0,0,0,0,0,0,0,,15,,0.0,0.0,0.0,1583923,Active,2,47137302,NETAPP,1594443,1557.073,1.521,04/14/2014 04:28:51,1557.073,1.521,flex,0.0,,false,false,0.0,0.0,0.0,0.0,0.0,0.0,0.0,0.0,0.0
901120,,880.0,0.859,ibw_disks_imc_crc_synth0001 ibw_disks_mcg_crccp_0001 mcg_crc_uswork0001 ,true,31763410,34560,33.75,0.033,1,,4,,0,,,1,false,,false,,ibw,false,,disabled,vol11,aggr0,,bwnap02a,04/14/2014 04:31:58,0,false,1.0,/nfs/site/stod,,false,false,0.0,,,,,0.0,0.0,0.0,0.0,0.0,,,0.0,0.0,0.0,0.0,0.0,,,0.0,0.0,0.0,0.0,0.0,,raid_dp,0,04/28/2013 15:33:03,,935680,913.75,0.892,1100800,1075,1,0,0,0,0,0,0,0,0,0,0,,15,,0.0,0.0,0.0,0,Active,2,31876689,NETAPP,421931,412.042,0.402,04/14/2014 04:31:58,412.042,0.402,flex,0.0,,false,false,0.0,0.0,0.0,0.0,0.0,0.0,0.0,0.0,0.0
2048001,,2000.001,1.953,ibw_disks_placeholder_Nova14 bw-mcg_cds_c14 ,true,31755775,107980,105.449,0.103,1,,4,,0,,,1,false,,false,,ibw,false,,disabled,vol11,aggr0,,bwnap02b,04/14/2014 04:28:35,0,false,1.0,/nfs/site/stod,,false,false,0.0,,,,,0.0,0.0,0.0,0.0,0.0,,,0.0,0.0,0.0,0.0,0.0,,,0.0,0.0,0.0,0.0,0.0,,raid_dp,0,04/28/2013 15:38:27,,2155981,2105.45,2.056,2536448,2477,2,0,0,0,0,0,0,0,0,0,0,,15,,0.0,0.0,0.0,0,Active,2,31876689,NETAPP,30776,30.055,0.029,04/14/2014 04:28:35,30.055,0.029,flex,0.0,,false,false,0.0,0.0,0.0,0.0,0.0,0.0,0.0,0.0,0.0
1126400,,1100.0,1.074,ibw_disks_mcg_no73lay_disk0003 ibw_disks_mcg_no73lay_disk0002 bw-mcg-ibw_ccase_disk0001 ,true,31865633,14694,14.35,0.014,1,,4,,0,,,1,false,,false,,ibw,false,,disabled,vol12,aggr0,,bwnap02a,04/14/2014 04:28:07,0,false,1.0,/nfs/site/stod,,false,false,0.0,,,,,0.0,0.0,0.0,0.0,0.0,,,0.0,0.0,0.0,0.0,0.0,,,0.0,0.0,0.0,0.0,0.0,,raid_dp,0,04/28/2013 15:33:03,,1141094,1114.35,1.088,1342464,1311,1,0,0,0,0,0,0,0,0,0,0,,15,,0.0,0.0,0.0,0,Active,2,31876689,NETAPP,2365,2.31,0.002,04/14/2014 04:28:07,2.31,0.002,flex,0.0,,false,false,0.0,0.0,0.0,0.0,0.0,0.0,0.0,0.0,0.0
0,,0.0,0.0,,true,31876593,1023999,999.999,0.977,1,,4,,0,,,1,false,,false,,ibw,false,,disabled,vol12,aggr0,,bwnap02b,04/14/2014 04:29:01,0,false,1.0,/nfs/site/stod,,false,false,0.0,,,,,0.0,0.0,0.0,0.0,0.0,,,0.0,0.0,0.0,0.0,0.0,,,0.0,0.0,0.0,0.0,0.0,,raid_dp,0,04/28/2013 15:38:27,,1023999,999.999,0.977,1204705,1176,1,0,0,0,0,0,0,0,0,0,0,,15,,0.0,0.0,0.0,0,Active,2,31876689,NETAPP,240,0.234,0.0,04/14/2014 04:29:01,0.234,0.0,flex,0.0,,false,false,0.0,0.0,0.0,0.0,0.0,0.0,0.0,0.0,0.0
2099200,,2050.0,2.002,ibw_disks_cds_c14.work ibw_disks_cds_c14.view ,true,31875739,424960,415.0,0.405,1,,4,,0,,,1,false,,false,,ibw,false,,disabled,vol13,aggr0,,bwnap02a,04/14/2014 04:34:37,0,false,1.0,/nfs/site/stod,,false,false,0.0,,,,,0.0,0.0,0.0,0.0,0.0,,,0.0,0.0,0.0,0.0,0.0,,,0.0,0.0,0.0,0.0,0.0,,raid_dp,0,04/28/2013 15:33:03,,2524160,2465.0,2.407,2969600,2900,2,0,0,0,0,0,0,0,0,0,0,,15,,0.0,0.0,0.0,0,Active,2,31876689,NETAPP,221,0.216,0.0,04/14/2014 04:34:37,0.216,0.0,flex,0.0,,false,false,0.0,0.0,0.0,0.0,0.0,0.0,0.0,0.0,0.0
2309120,,2255.0,2.202,ibw_disks_hdk.genesys.1 hdk.cad-linktree.1 ibw_disks_hdk.archive.002 ibw_disks_hdk.da.01 ibw_disks_hdk71cp.noble-linktree.1 ibw_disks_hdk71cp.noble.1 ibw_disks_hdk.kits.1 ibw_disks_hdk71cp.noble.admin ibw_disks_hdk.lcroot.002 ibw_disks_hdk.lcroot.003 ,true,27093979,149760,146.25,0.143,1,,4,,0,,,1,false,,false,,ibw,false,,disabled,vol14,aggr0,,bwnap02a,04/14/2014 04:39:04,15,false,1.0,/nfs/site/stod,,false,false,0.0,,,,,0.0,0.0,0.0,0.0,0.0,,,0.0,0.0,0.0,0.0,0.0,,,0.0,0.0,0.0,0.0,0.0,,raid_dp,0,04/28/2013 15:33:03,,2458880,2401.25,2.345,2892800,2825,2,0,0,0,0,0,0,0,0,0,0,,15,,0.0,0.0,0.0,0,Active,2,31876689,NETAPP,446936,436.461,0.426,04/14/2014 04:39:04,436.461,0.426,flex,0.0,,false,false,0.0,0.0,0.0,0.0,0.0,0.0,0.0,0.0,0.0
1259520,,1230.0,1.201,eda_data_eda_socenv_11 ibw_disks_mcg_snv_rtl0004 ibw_disks_ibw_il_coeenv0011 dt_pdx_fvcoe ibw_disks_mcg_crccp_scan0001 ibw_disks_mcg_snv_ckt0007 ibw_disks_rsync_testing_001 ,true,15059022,523059,510.8,0.499,1,,4,,0,,,1,false,,false,,ibw,false,,disabled,vol15,aggr0,,bwnap02a,04/14/2014 04:33:47,53,false,1.0,/nfs/site/stod,,false,false,0.0,,,,,0.0,0.0,0.0,0.0,0.0,,,0.0,0.0,0.0,0.0,0.0,,,0.0,0.0,0.0,0.0,0.0,,raid_dp,0,04/28/2013 15:33:03,,1782579,1740.8,1.7,2097152,2048,2,0,0,0,0,0,0,0,0,0,0,,15,,0.0,0.0,0.0,0,Active,2,31876689,NETAPP,1156754,1129.643,1.103,04/14/2014 04:33:47,1129.643,1.103,flex,0.0,,false,false,0.0,0.0,0.0,0.0,0.0,0.0,0.0,0.0,0.0
3082240,,3010.0,2.939,ibw_scratch_bw-il_scratch005 ibw_scratch_bw-il_scratch004 bw-ec-tmp ibw_scratch_bw-il_scratch002 ibw_scratch_bw-il_scratch003 ,true,257210311,6692,6.535,0.006,1,,4,,0,,,1,false,,false,,ibw,false,,,vol2,,,bwefs01a.ibw.intel.com,04/14/2014 04:29:49,0,false,1.0,/nfs/site/stod,,false,false,0.0,,,,,0.0,0.0,0.0,0.0,0.0,,,0.0,0.0,0.0,0.0,0.0,,,0.0,0.0,0.0,0.0,0.0,,,0,10/12/2011 14:10:19,,3088932,3016.535,2.946,3088932,3016,2,0,0,0,0,0,0,0,0,0,0,,0,,0.0,0.0,0.0,0,Active,5,257949694,EMC,1810991,1768.546,1.727,04/14/2014 04:29:49,1768.546,1.727,,0.0,,false,false,0.0,0.0,0.0,0.0,0.0,0.0,0.0,0.0,0.0
1515520,,1480.0,1.445,ibw_disks_mcg_snv_arch0001 ibw_disks_mcg_crc_uswork0002 ibw_disks_mcg_snv_ckt0001 ibw_disks_snv_pd_01 ,false,26959938,331120,323.359,0.316,1,,4,,0,,,1,false,,false,,ibw,false,,enabled,vol2,aggr0,,bwnap01a,04/14/2014 04:33:52,15,false,1.2,/nfs/site/stod,,false,false,36.0,,,,,0.0,0.0,0.0,0.0,0.0,,,0.0,0.0,0.0,0.0,0.0,,,0.0,0.0,0.0,0.0,0.0,,raid_dp,0,04/28/2013 15:36:44,,1538867,1502.8,1.468,1810432,1768,1,0,0,0,0,0,0,0,0,0,0,,15,,0.0,0.0,0.0,375440,Active,3,31876689,NETAPP,649397,634.177,0.619,04/14/2014 04:33:52,634.177,0.619,flex,0.0,,false,false,0.0,0.0,0.0,0.0,0.0,0.0,0.0,0.0,0.0
0,,0.0,0.0,,true,31876567,63539,62.05,0.061,1,,4,,0,,,1,false,,false,,ibw,false,,enabled,vol2,aggr0,,bwnap01b,04/14/2014 04:26:32,0,false,1.0,/nfs/site/stod,,false,false,0.0,,,,,0.0,0.0,0.0,0.0,0.0,,,0.0,0.0,0.0,0.0,0.0,,,0.0,0.0,0.0,0.0,0.0,,raid_dp,0,04/28/2013 15:39:04,,63539,62.05,0.061,74752,73,0,0,0,0,0,0,0,0,0,0,0,,15,,0.0,0.0,0.0,0,Active,3,31876689,NETAPP,6956,6.793,0.007,04/14/2014 04:26:32,6.793,0.007,flex,0.0,,false,false,0.0,0.0,0.0,0.0,0.0,0.0,0.0,0.0,0.0
1008640,,985.0,0.962,bw-deg_vcg_lrb2_tools BW-DAP_DEG_WSM_WA002_ISC ibw_disks_mcg_snv_preval0006 proj_dpg_valid.tests.9 bw-iag_cap_mnr_0009 ec_euec_netbackup linktrees gen_adm_nis_archive start_disk_metrics ibw_ds_sync_client nhm.tools.1 proj_dpg_tools ibw_disks_schoolprojects bw-kitmgr_com ibw_proj_hgv ,true,23856897,122880,120.0,0.117,1,,4,,0,,,1,false,,false,,ibw,false,,enabled,vol2,aggr0,,bwnap02a,04/14/2014 04:32:27,25,false,1.0,/nfs/site/stod,,false,false,50.0,,,,,0.0,0.0,0.0,0.0,0.0,,,0.0,0.0,0.0,0.0,0.0,,,0.0,0.0,0.0,0.0,0.0,,raid_dp,0,04/28/2013 15:33:02,,1131520,1105.0,1.079,1331200,1300,1,0,0,0,0,0,0,0,0,0,0,,15,,0.0,0.0,0.0,334060,Active,2,31876689,NETAPP,331918,324.139,0.317,04/14/2014 04:32:27,324.139,0.317,flex,0.0,,false,false,0.0,0.0,0.0,0.0,0.0,0.0,0.0,0.0,0.0
3560449,,3477.001,3.396,eda_data_emu002 site_disks_upgrade_test1 bw_gen_adm_crash ibw_disks_ccdo.soc.rtl.1 ibw_disks_ccdo.soc.tools.000 ibw_disks_mcg_snv_perfsim ibw_proj_hdk IBW-VCG_LRB2_MCEMU004 BW-DEG_VCG_MCEMU_SIM04 bw-ec-tmp IBW-VCG_LRB2_MCEMU003 ibw_disks_ccdo.soc.ip_downloads.000 ,true,16956423,4709,4.599,0.004,1,,4,,0,,,1,false,,false,,ibw,false,,enabled,vol2,aggr0,,bwnap02b,04/14/2014 04:35:21,47,false,1.0,/nfs/site/stod,,false,false,28.0,,,,,0.0,0.0,0.0,0.0,0.0,,,0.0,0.0,0.0,0.0,0.0,,,0.0,0.0,0.0,0.0,0.0,,raid_dp,0,04/28/2013 15:38:27,,3565158,3481.6,3.4,4194304,4096,4,0,0,0,0,0,0,0,0,0,0,,15,,0.0,0.0,0.0,629727,Active,2,31876689,NETAPP,1581917,1544.841,1.509,04/14/2014 04:35:21,1544.841,1.509,flex,0.0,,false,false,0.0,0.0,0.0,0.0,0.0,0.0,0.0,0.0,0.0
2083950,,2035.107,1.987,bw-ctg_mtl_rock_creek_regression_disk005 bw-ctg_mtl_proj_p54cemu BW-CTG_mtl_proj_pnwemu bw-ctg_mtl_p54c_disk014 bw-ctg_mtl_p54c_disk013 BW-CTG_mtl_pnwemu003 bw-ctg_mtl_p54c_disk012 bw-ctg_mtl_QuickIA BW-CTG_MTL_GML_rck BW-CTG_mtl_pnwemu001 bw-ctg_mtl_p54c_disk011 bw-ctg_mtl_rock_creek_disk001 ,false,8305919,879413,858.802,0.839,1,,4,,0,,,1,false,,false,,ibw,false,,enabled,vol2,aggr0,,bwnap03a,04/14/2014 04:33:02,74,false,1.174,/nfs/site/stod,,false,false,23.0,,,,,0.0,0.0,0.0,0.0,0.0,,,0.0,0.0,0.0,0.0,0.0,,,0.0,0.0,0.0,0.0,0.0,,raid_dp,0,04/28/2013 15:30:46,,2524160,2465.0,2.407,2969600,2900,2,0,0,0,0,0,0,0,0,0,0,,15,,0.0,0.0,0.0,440274,Active,2,31876689,NETAPP,1423047,1389.694,1.357,04/14/2014 04:33:02,1389.694,1.357,flex,0.0,,false,false,0.0,0.0,0.0,0.0,0.0,0.0,0.0,0.0,0.0
3228136,,3152.477,3.079,ibw_disks_mnr.gk.workarea.1 ibw_disks_mcd_mnr-hwtv_ckt-work_0002 ibw_disks_mcd_mnr-hwtv_itgr-work_0001 ibw_disks_mnr.cad.3 ibw_disks_mcd_mnr-hwtv_val-work_0004 ibw_disks_bw-iag_cap_mnr-ivb_be0002 ibw_disks_mnr.tests.4 bw-CAP-HPC_MNR_UE0001 ibw_disks_mnr.tools.3 ibw_disks_mnr.tests.3 disk010 ibw_disks_mcd_mnr-hwtv_rtl-work_0002 bw-iag_cap-mnr_val0001 ibw_disks_mcd_mnr-hwtv_motec13 ibw_disks_mcd_mnr-hwtv_fcm ibw_disks_mnr.bin.1 ibw_disks_bw-iag_cap_mnr-ivb_be0001 ibw_disks_mcd_mnr-hwtv_INTEG0 ibw_disks_mcd_mnr-hwtv_rtl-work_0001 ibw_disks_bw-iag_cap_mnr-ivb_0010 ibw_disks_mcd_mnr-hwtv_val-work_0002 ibw_disks_mnr.inca ibw_disks_mcd_mnr-hwtv_ckt-work_0003 bw-iag_cap_mnr_0011 ibw_disks_mcd_mnr-hwtv_val-work_0003 bw-iag_cap_mnr-ivb_0005 ibw_disks_mcd_mnr-hwtv_val-work_0001 ibw_disks_mcd_mnr-hwtv_itgr-work_0002 ibw_disks_mnr.models.2 ibw_disks_mcd_mnr-hwtv_STO ,false,10474244,1050053,1025.442,1.001,1,,4,,0,,,1,false,,false,,ibw,false,,enabled,vol2,aggr0,,bwnap03b,04/14/2014 04:28:59,73,false,1.2,/nfs/site/stod,,false,false,52.0,,,,,0.0,0.0,0.0,0.0,0.0,,,0.0,0.0,0.0,0.0,0.0,,,0.0,0.0,0.0,0.0,0.0,,raid_dp,0,04/28/2013 15:30:14,,3565158,3481.6,3.4,4194304,4096,4,0,0,0,0,0,0,0,0,0,0,,15,,0.0,0.0,0.0,1452459,Active,2,39246778,NETAPP,1324737,1293.688,1.263,04/14/2014 04:28:59,1293.688,1.263,flex,0.0,,false,false,0.0,0.0,0.0,0.0,0.0,0.0,0.0,0.0,0.0
2560000,,2500.0,2.441,bw-il_scratch009 bw-il_scratch011 bw-il_scratch007 ,true,255876520,528932,516.535,0.504,1,,4,,0,,,1,false,,false,,ibw,false,,,vol3,,,bwefs01a.ibw.intel.com,04/14/2014 04:26:59,1,false,1.0,/nfs/site/stod,,false,false,0.0,,,,,0.0,0.0,0.0,0.0,0.0,,,0.0,0.0,0.0,0.0,0.0,,,0.0,0.0,0.0,0.0,0.0,,,0,10/12/2011 14:10:19,,3088932,3016.535,2.946,3088932,3016,2,0,0,0,0,0,0,0,0,0,0,,0,,0.0,0.0,0.0,0,Active,5,257949694,EMC,899997,878.903,0.858,04/14/2014 04:26:59,878.903,0.858,,0.0,,false,false,0.0,0.0,0.0,0.0,0.0,0.0,0.0,0.0,0.0
819202,,800.002,0.781,ibw_disks_mcg_snv_preval0001 ibw_disks_xmm_disk_0004 ,false,29507303,0,0.0,0.0,1,,4,,0,,,1,false,,false,,ibw,false,,enabled,vol3,aggr0,,bwnap01a,04/14/2014 04:33:40,7,false,1.151,/nfs/site/stod,,false,false,40.0,,,,,0.0,0.0,0.0,0.0,0.0,,,0.0,0.0,0.0,0.0,0.0,,,0.0,0.0,0.0,0.0,0.0,,raid_dp,0,04/28/2013 15:36:44,,674560,658.75,0.643,793600,775,0,0,0,0,0,0,0,0,0,0,0,,15,,0.0,0.0,0.0,101539,Active,3,31876689,NETAPP,148932,145.441,0.142,04/14/2014 04:33:40,145.441,0.142,flex,0.0,,false,false,0.0,0.0,0.0,0.0,0.0,0.0,0.0,0.0,0.0
1070080,,1045.0,1.021,disk027 ibw_disks_ibw_kits_p1273 ibw_disks_mcg_xprop_sim0001 eda_data_eda_socenv_12 dt_pdx_sde ,false,24564083,94515,92.3,0.09,1,,4,,0,,,1,false,,false,,ibw,false,,enabled,vol3,aggr0,,bwnap01b,04/14/2014 04:33:44,23,false,1.2,/nfs/site/stod,,false,false,27.0,,,,,0.0,0.0,0.0,0.0,0.0,,,0.0,0.0,0.0,0.0,0.0,,,0.0,0.0,0.0,0.0,0.0,,raid_dp,0,04/28/2013 15:39:04,,970496,947.75,0.926,1141760,1115,1,0,0,0,0,0,0,0,0,0,0,,15,,0.0,0.0,0.0,241631,Active,3,31876689,NETAPP,625242,610.588,0.596,04/14/2014 04:33:44,610.588,0.596,flex,0.0,,false,false,0.0,0.0,0.0,0.0,0.0,0.0,0.0,0.0,0.0
1100800,,1075.0,1.05,ibw_disks_mcg_snv_itg0005 ibw_disks_snv_git_01 ,true,34638055,0,0.0,0.0,1,,4,,0,,,1,false,,false,,ibw,false,,enabled,vol3,aggr0,,bwnap02a,04/14/2014 04:27:19,1,false,1.0,/nfs/site/stod,,false,false,29.0,,,,,0.0,0.0,0.0,0.0,0.0,,,0.0,0.0,0.0,0.0,0.0,,,0.0,0.0,0.0,0.0,0.0,,raid_dp,0,04/28/2013 15:33:02,,870400,850.0,0.83,1024000,1000,0,0,0,0,0,0,0,0,0,0,0,,15,,0.0,0.0,0.0,108383,Active,2,34999981,NETAPP,253333,247.396,0.242,04/14/2014 04:27:19,247.396,0.242,flex,0.0,,false,false,0.0,0.0,0.0,0.0,0.0,0.0,0.0,0.0,0.0
1270784,,1241.0,1.212,ibw_disks_bw.tng.integ ibw_disks_imc_tsmc_usr ibw_disks_snv_gkscr_01 ibw_disks_mcg_snv_ckt0006 ibw_disks_bw_mcg_socenv0000 ibw_disks_xmm6431_rtl0001 ibw_disks_snv_relsoc_02 ccdo.soc.git_repos ,true,30426470,161894,158.1,0.154,1,,4,,0,,,1,false,,false,,ibw,false,,enabled,vol3,aggr0,,bwnap02b,04/14/2014 04:39:05,5,false,1.0,/nfs/site/stod,,false,false,11.0,,,,,0.0,0.0,0.0,0.0,0.0,,,0.0,0.0,0.0,0.0,0.0,,,0.0,0.0,0.0,0.0,0.0,,raid_dp,0,04/28/2013 15:38:27,,1432678,1399.1,1.366,1685504,1646,1,0,0,0,0,0,0,0,0,0,0,,15,,0.0,0.0,0.0,54792,Active,2,31876689,NETAPP,415467,405.729,0.396,04/14/2014 04:39:05,405.729,0.396,flex,0.0,,false,false,0.0,0.0,0.0,0.0,0.0,0.0,0.0,0.0,0.0
2566144,,2506.0,2.447,bw-il_disk015 ibw_il_coeenv0009 bw-il_disk021 bw-il_disk007 bw-ctg_mpr_pse_disk001 ibw_disks_bw_il_socenv0001 ibw_il_coeenv_user bw-il_disk022 bw-ctg_mtl_gml_disk002 ,false,16247961,739896,722.555,0.706,1,,4,,0,,,1,false,,false,,ibw,false,,enabled,vol3,aggr0,,bwnap03a,04/14/2014 04:38:27,49,false,1.151,/nfs/site/stod,,false,false,27.0,,,,,0.0,0.0,0.0,0.0,0.0,,,0.0,0.0,0.0,0.0,0.0,,,0.0,0.0,0.0,0.0,0.0,,raid_dp,0,04/28/2013 15:30:46,,2872320,2805.0,2.739,3379200,3300,3,0,0,0,0,0,0,0,0,0,0,,15,,0.0,0.0,0.0,435120,Active,2,31876689,NETAPP,1139989,1113.271,1.087,04/14/2014 04:38:27,1113.271,1.087,flex,0.0,,false,false,0.0,0.0,0.0,0.0,0.0,0.0,0.0,0.0,0.0
1031170,,1007.002,0.983,ibw_disks_bw-iag_cap_mnr_0015 ibw_disks_bw-iag_cap_mnr_emu0001 ibw_disks_idc ibw_disks_mnr.tools.2 ibw_disks_mnr.cad.1 ibw_disks_bw-iag_cap_mnr-ivb_fe0001 ibw_disks_mnr.tests.1 ibw_disks_rtl bw-iag_cap-mnr_cache0001 ibw_disks_bw-iag_cap_mnr_0016 ibw_disks_mnr.gt_code.1 ibw_disks_bw-iag_cap_mnr_0017 ibw_disks_mnr.inca_idc bw-iag_cap_mnr-ivb_0008 ibw_disks_mcd_mnr-hwtv_ckt-work_0001 ibw_disks_bw-iag_cap_mnr-ivb_0012 bw-iag_cap_mnr_0007 ibw_disks_mnr.models.1 ,false,19152875,326654,318.998,0.312,1,,4,,0,,,1,false,,false,,ibw,false,,enabled,vol3,aggr0,,bwnap03b,04/14/2014 04:26:31,40,false,1.2,/nfs/site/stod,,false,false,56.0,,,,,0.0,0.0,0.0,0.0,0.0,,,0.0,0.0,0.0,0.0,0.0,,,0.0,0.0,0.0,0.0,0.0,,raid_dp,0,04/28/2013 15:30:14,,1131520,1105.0,1.079,1331200,1300,1,0,0,0,0,0,0,0,0,0,0,,15,,0.0,0.0,0.0,380800,Active,2,31876689,NETAPP,292638,285.779,0.279,04/14/2014 04:26:31,285.779,0.279,flex,0.0,,false,false,0.0,0.0,0.0,0.0,0.0,0.0,0.0,0.0,0.0
2765824,,2701.0,2.638,ibw_proj_coeenv ibw_disks_ibw_il_coeenv0008 ibw_disks_ibw_il_coeenv0007 ibw_disks_ibw_il_coeenv0002 ibw_disks_ibw_il_coeenv0005 ibw_disks_ibw_il_coeenv0010 ibw_disks_ibw_il_coeenv0004 ibw_disks_ibw_il_coeenv0006 ibw_disks_ibw_il_coeenv0003 ibw_disks_ibw_il_coeenv0001 ,true,226705816,323108,315.535,0.308,1,,4,,0,,,1,false,,false,,ibw,false,,,vol4,,,bwefs01a.ibw.intel.com,04/14/2014 04:37:19,12,false,1.0,/nfs/site/stod,,false,false,0.0,,,,,0.0,0.0,0.0,0.0,0.0,,,0.0,0.0,0.0,0.0,0.0,,,0.0,0.0,0.0,0.0,0.0,,,0,10/12/2011 14:10:19,,3088932,3016.535,2.946,3088932,3016,2,0,0,0,0,0,0,0,0,0,0,,0,,0.0,0.0,0.0,0,Active,5,257949694,EMC,2312592,2258.391,2.205,04/14/2014 04:37:19,2258.391,2.205,,0.0,,false,false,0.0,0.0,0.0,0.0,0.0,0.0,0.0,0.0,0.0
135168,,132.0,0.129,ibw_proj_tngsc ibw_disks_bw_lhg_perf ibw_proj_snv ,false,31416018,36127,35.28,0.034,1,,4,,0,,,1,false,,false,,ibw,false,,enabled,vol4,aggr0,,bwnap01a,04/14/2014 04:31:10,1,false,1.2,/nfs/site/stod,,false,false,26.0,,,,,0.0,0.0,0.0,0.0,0.0,,,0.0,0.0,0.0,0.0,0.0,,,0.0,0.0,0.0,0.0,0.0,,raid_dp,0,04/28/2013 15:36:44,,142746,139.4,0.136,167936,164,0,0,0,0,0,0,0,0,0,0,0,,15,,0.0,0.0,0.0,30363,Active,3,31876689,NETAPP,84656,82.672,0.081,04/14/2014 04:31:10,82.672,0.081,flex,0.0,,false,false,0.0,0.0,0.0,0.0,0.0,0.0,0.0,0.0,0.0
1248256,,1219.0,1.19,ibw_disks_mcg_tng_itg0001 bw-deg_bcg_lrb_lab001 ibw_disks_mcg_snv_lnc bw-eda_data_emu0001 disks_dpg.tools.3 ibw_disks_ibw_lhg_be_work001 ibw_disks_mcg_snv_vlv ibw_disks_mcg_snv_umg ibw_disks_mcg_snv_itg0001 BW-VCG_MCEMU_SLE007 ibw_disks_mcg_snv_lcc ,false,27762752,35410,34.58,0.034,1,,4,,0,,,1,false,,false,,ibw,false,,enabled,vol4,aggr0,,bwnap01b,04/14/2014 04:27:52,13,false,1.2,/nfs/site/stod,,false,false,28.0,,,,,0.0,0.0,0.0,0.0,0.0,,,0.0,0.0,0.0,0.0,0.0,,,0.0,0.0,0.0,0.0,0.0,,raid_dp,0,04/28/2013 15:39:04,,1069722,1044.65,1.02,1258496,1229,1,0,0,0,0,0,0,0,0,0,0,,15,,0.0,0.0,0.0,257771,Active,3,31876689,NETAPP,649882,634.65,0.62,04/14/2014 04:27:52,634.65,0.62,flex,0.0,,false,false,0.0,0.0,0.0,0.0,0.0,0.0,0.0,0.0,0.0
1320960,,1290.0,1.26,ibw_disks_mcg_no73lay_disk0001 ibw_disks_ibw_kits_p1271_02 ,true,29667151,0,0.0,0.0,1,,4,,0,,,1,false,,false,,ibw,false,,enabled,vol4,aggr0,,bwnap02a,04/14/2014 04:33:35,7,false,1.0,/nfs/site/stod,,false,false,36.0,,,,,0.0,0.0,0.0,0.0,0.0,,,0.0,0.0,0.0,0.0,0.0,,,0.0,0.0,0.0,0.0,0.0,,raid_dp,0,04/28/2013 15:33:02,,1131520,1105.0,1.079,1331200,1300,1,0,0,0,0,0,0,0,0,0,0,,15,,0.0,0.0,0.0,134847,Active,2,31876689,NETAPP,239089,233.485,0.228,04/14/2014 04:33:35,233.485,0.228,flex,0.0,,false,false,0.0,0.0,0.0,0.0,0.0,0.0,0.0,0.0,0.0
3404801,,3325.001,3.247,bw-eda_socenv_06 bw-eda_socenv_01 bw-eda_socenv_02 ibw_disks_emulation ibw_disks_mcg_snv_preval0003 bw-eda_socenv_03 bw-eda_socenv_05 ibw_disks_ibw_kits_mount ibw_disks_mcg_snv_preval0002 ibw_disks_ibw_kits_p1271 bw-eda_socenv_04 ,true,27723804,9778,9.549,0.009,1,,4,,0,,,1,false,,false,,ibw,false,,enabled,vol4,aggr0,,bwnap02b,04/14/2014 04:37:54,45,false,1.0,/nfs/site/stod,,false,false,44.0,,,,,0.0,0.0,0.0,0.0,0.0,,,0.0,0.0,0.0,0.0,0.0,,,0.0,0.0,0.0,0.0,0.0,,raid_dp,0,04/28/2013 15:38:27,,3414579,3334.55,3.256,4017152,3923,3,0,0,0,0,0,0,0,0,0,0,,15,,0.0,0.0,0.0,928308,Active,2,49999987,NETAPP,1176589,1149.013,1.122,04/14/2014 04:37:54,1149.013,1.122,flex,0.0,,false,false,0.0,0.0,0.0,0.0,0.0,0.0,0.0,0.0,0.0
2326538,,2272.01,2.219,bw-ctg_mtl_mcemu_tools_disk010 bw-ctg_mtl_mcemu_lab_disk009 bw-il_disk028 bw-ctg_mtl_mcemu_disk007 bw-ctg_mtl_mcemu_disk004 bw-il_disk011 bw-ctg_mtl_mcemu_disk003 bw-il_disk029 bw-il_disk020 bw-ctg_mtl_mcemu_disk006 bw-ctg_mtl_mcemu_synthesis_disk008 bw-il_disk012 bw-ctg_mtl_proj_mcemu ,false,21207349,918313,896.79,0.876,1,,4,,0,,,1,false,,false,,ibw,false,,enabled,vol4,aggr0,,bwnap03a,04/14/2014 04:27:23,33,false,1.165,/nfs/site/stod,,false,false,29.0,,,,,0.0,0.0,0.0,0.0,0.0,,,0.0,0.0,0.0,0.0,0.0,,,0.0,0.0,0.0,0.0,0.0,,raid_dp,0,04/28/2013 15:30:46,,2785280,2720.0,2.656,3276800,3200,3,0,0,0,0,0,0,0,0,0,0,,15,,0.0,0.0,0.0,458336,Active,2,31876689,NETAPP,1107344,1081.391,1.056,04/14/2014 04:27:23,1081.391,1.056,flex,0.0,,false,false,0.0,0.0,0.0,0.0,0.0,0.0,0.0,0.0,0.0
512000,,500.0,0.488,ibw_disks_mcg_snv_rls ,false,31249209,117287,114.538,0.112,1,,4,,0,,,1,false,,false,,ibw,false,,enabled,vol5,aggr0,,bwnap01a,04/14/2014 04:38:09,2,false,1.2,/nfs/site/stod,,false,false,45.0,,,,,0.0,0.0,0.0,0.0,0.0,,,0.0,0.0,0.0,0.0,0.0,,,0.0,0.0,0.0,0.0,0.0,,raid_dp,0,04/28/2013 15:36:44,,524406,512.115,0.5,616948,602,0,0,0,0,0,0,0,0,0,0,0,,15,,0.0,0.0,0.0,221011,Active,3,31876689,NETAPP,267064,260.805,0.255,04/14/2014 04:38:09,260.805,0.255,flex,0.0,,false,false,0.0,0.0,0.0,0.0,0.0,0.0,0.0,0.0,0.0
744548,,727.098,0.71,IBW_IT_Internal gen_adm_ec_global gen_adm_vas ibw_csd ibw_proj_acd_bin disk025 eda_data_disk0000 gen_adm_ssh gen_adm_ec_local gen_adm_start gen_platform gen_itec eda_data_disk0005 ,false,27310575,207608,202.742,0.198,1,,4,,0,,,1,false,,false,,ibw,false,,enabled,vol5,aggr0,,bwnap01b,04/14/2014 04:28:40,14,false,1.18,/nfs/site/stod,,false,false,29.0,,,,,0.0,0.0,0.0,0.0,0.0,,,0.0,0.0,0.0,0.0,0.0,,,0.0,0.0,0.0,0.0,0.0,,raid_dp,0,04/28/2013 15:39:04,,806912,788.0,0.77,949308,927,0,0,0,0,0,0,0,0,0,0,0,,15,,0.0,0.0,0.0,145154,Active,3,31876689,NETAPP,343102,335.061,0.327,04/14/2014 04:28:40,335.061,0.327,flex,0.0,,false,false,0.0,0.0,0.0,0.0,0.0,0.0,0.0,0.0,0.0
727040,,710.0,0.693,ibw_disks_snv_gib_01 ibw_disks_ibw_kits_p1273_02 ibw_disks_snv_relip_02 ,true,28735400,23245,22.7,0.022,1,,4,,0,,,1,false,,false,,ibw,false,,enabled,vol5,aggr0,,bwnap02a,04/14/2014 04:30:57,18,false,1.0,/nfs/site/stod,,false,false,40.0,,,,,0.0,0.0,0.0,0.0,0.0,,,0.0,0.0,0.0,0.0,0.0,,,0.0,0.0,0.0,0.0,0.0,,raid_dp,0,04/28/2013 15:33:02,,750285,732.7,0.716,882688,862,0,0,0,0,0,0,0,0,0,0,0,,15,,0.0,0.0,0.0,264007,Active,2,34999981,NETAPP,394340,385.098,0.376,04/14/2014 04:30:57,385.098,0.376,flex,0.0,,false,false,0.0,0.0,0.0,0.0,0.0,0.0,0.0,0.0,0.0
2457600,,2400.0,2.344,ibw_disks_mcg_snv_pwrdel ibw_disks_mcg_snv_arch0002 ibw_disks_mcg_snv_arch0004 ibw_disks_mcg_snv_arch0003 ,true,29536654,0,0.0,0.0,1,,4,,0,,,1,false,,false,,ibw,false,,enabled,vol5,aggr0,,bwnap02b,04/14/2014 04:37:08,7,false,1.0,/nfs/site/stod,,false,false,23.0,,,,,0.0,0.0,0.0,0.0,0.0,,,0.0,0.0,0.0,0.0,0.0,,,0.0,0.0,0.0,0.0,0.0,,raid_dp,0,04/28/2013 15:38:27,,2394470,2338.35,2.284,2817024,2751,2,0,0,0,0,0,0,0,0,0,0,,15,,0.0,0.0,0.0,99006,Active,2,31876689,NETAPP,316349,308.935,0.302,04/14/2014 04:37:08,308.935,0.302,flex,0.0,,false,false,0.0,0.0,0.0,0.0,0.0,0.0,0.0,0.0,0.0
2488321,,2430.001,2.373,bw-il_disk004 bw-il_disk010 bw-il_disk013 bw-il_disk003 bw-ctg_mtl_msa_disk001 bw-il_disk023 an_umg_disk0206 bw-il_disk009 bw-ctg_mtl_msa_disk002 ,false,16695812,912505,891.118,0.87,1,,4,,0,,,1,false,,false,,ibw,false,,enabled,vol5,aggr0,,bwnap03a,04/14/2014 04:35:08,48,false,1.184,/nfs/site/stod,,false,false,27.0,,,,,0.0,0.0,0.0,0.0,0.0,,,0.0,0.0,0.0,0.0,0.0,,,0.0,0.0,0.0,0.0,0.0,,raid_dp,0,04/28/2013 15:30:46,,2872320,2805.0,2.739,3379200,3300,3,0,0,0,0,0,0,0,0,0,0,,15,,0.0,0.0,0.0,528864,Active,2,31876689,NETAPP,1392968,1360.32,1.328,04/14/2014 04:35:08,1360.32,1.328,flex,0.0,,false,false,0.0,0.0,0.0,0.0,0.0,0.0,0.0,0.0,0.0
1024000,,1000.0,0.977,ibw_disks_mcg_snv_preval0005_NOBACKUP ,false,31841632,205003,200.198,0.196,1,,4,,0,,,1,false,,false,,ibw,false,,enabled,vol6,aggr0,,bwnap01a,04/14/2014 04:32:02,0,false,1.199,/nfs/site/stod,,false,false,0.0,,,,,0.0,0.0,0.0,0.0,0.0,,,0.0,0.0,0.0,0.0,0.0,,,0.0,0.0,0.0,0.0,0.0,,raid_dp,0,04/28/2013 15:36:44,,1025024,1001.0,0.978,1025024,1001,0,0,0,0,0,0,0,0,0,0,0,,0,,0.0,0.0,0.0,0,Active,3,31876689,NETAPP,7294,7.123,0.007,04/14/2014 04:32:02,7.123,0.007,flex,0.0,,false,false,0.0,0.0,0.0,0.0,0.0,0.0,0.0,0.0,0.0
3384321,,3305.001,3.228,ibw_disks_coeenv0012 bw-mcd-inway_local ibw_disks_ccdo.soc.rtl.0 ibw_disks_mcg_coeenv73_workshop ,false,15666918,50973,49.778,0.049,1,,4,,0,,,1,false,,false,,ibw,false,,enabled,vol6,aggr0,,bwnap01b,04/14/2014 04:28:14,51,false,1.196,/nfs/site/stod,,false,false,0.0,,,,,0.0,0.0,0.0,0.0,0.0,,,0.0,0.0,0.0,0.0,0.0,,,0.0,0.0,0.0,0.0,0.0,,raid_dp,0,04/28/2013 15:39:04,,2872320,2805.0,2.739,3379200,3300,3,0,0,0,0,0,0,0,0,0,0,,15,,0.0,0.0,0.0,0,Active,3,31876689,NETAPP,1144983,1118.147,1.092,04/14/2014 04:28:14,1118.147,1.092,flex,0.0,,false,false,0.0,0.0,0.0,0.0,0.0,0.0,0.0,0.0,0.0
1236168,,1207.195,1.179,BW-DAP_DEG_WSM_WA015_ISC BW-DAP_DEG_WSM_WA001_ISC ibw-pve_gen_emu_0001 BW-DAP_DEG_nhm.models.1 BW-DAP_DEG_WSM_WA003_ISC nhm.tools.2 BW-DAP_DEG_WSM_proj_ear ibw-pve_emu nhm.models.5 valid.tests.5 ,true,22373742,465464,454.555,0.444,1,,4,,0,,,1,false,,false,,ibw,false,,enabled,vol6,aggr0,,bwnap02a,04/14/2014 04:35:23,30,false,1.0,/nfs/site/stod,,false,false,50.0,,,,,0.0,0.0,0.0,0.0,0.0,,,0.0,0.0,0.0,0.0,0.0,,,0.0,0.0,0.0,0.0,0.0,,raid_dp,0,04/28/2013 15:33:02,,1701632,1661.75,1.623,2001920,1955,1,0,0,0,0,0,0,0,0,0,0,,15,,0.0,0.0,0.0,391058,Active,2,31876689,NETAPP,386716,377.652,0.369,04/14/2014 04:35:23,377.652,0.369,flex,0.0,,false,false,0.0,0.0,0.0,0.0,0.0,0.0,0.0,0.0,0.0
2580480,,2520.0,2.461,ibw_disks_mcg_snv_rtl0002 ibw_disks_bw_mcg_socenv0003 ibw_disks_mcg_snv_rtl0001 ibw_disks_mcg_snv_rtl0003 ibw_disks_bw_mcg_socenv0002 ibw_disks_bw_mcg_socenv0001 ,true,6731309,13312,13.0,0.013,1,,4,,0,,,1,false,,false,,ibw,false,,enabled,vol6,aggr0,,bwnap02b,04/14/2014 04:38:54,79,false,1.0,/nfs/site/stod,,false,false,40.0,,,,,0.0,0.0,0.0,0.0,0.0,,,0.0,0.0,0.0,0.0,0.0,,,0.0,0.0,0.0,0.0,0.0,,raid_dp,0,04/28/2013 15:38:27,,2593792,2533.0,2.474,3051520,2980,2,0,0,0,0,0,0,0,0,0,0,,15,,0.0,0.0,0.0,843325,Active,2,31876689,NETAPP,1217778,1189.236,1.161,04/14/2014 04:38:54,1189.236,1.161,flex,0.0,,false,false,0.0,0.0,0.0,0.0,0.0,0.0,0.0,0.0,0.0
1937408,,1892.0,1.848,ibw_disks_ibw ibw_disks_bw-iag_cap_mnr-ivb_0013 ibw_disks_mnr.tools.1 ibw_disks_bw-iag_cap_mnr-ivb_0011 ibw_disks_mnr.models.100 ibw_disks_work_power-delivery ibw_disks_mnr.cad.2 ibw_disks_bw-iag_cap_mnr-ivb_repl-area ibw_disks_bw-iag_cap_mnr_0012 ,false,27871989,338688,330.75,0.323,1,,4,,0,,,1,false,,false,,ibw,false,,enabled,vol6,aggr0,,bwnap03a,04/14/2014 04:35:27,13,false,1.046,/nfs/site/stod,,false,false,45.0,,,,,0.0,0.0,0.0,0.0,0.0,,,0.0,0.0,0.0,0.0,0.0,,,0.0,0.0,0.0,0.0,0.0,,raid_dp,0,04/28/2013 15:30:46,,2176000,2125.0,2.075,2560000,2500,2,0,0,0,0,0,0,0,0,0,0,,15,,0.0,0.0,0.0,99921,Active,2,31876689,NETAPP,121166,118.326,0.116,04/14/2014 04:35:27,118.326,0.116,flex,0.0,,false,false,0.0,0.0,0.0,0.0,0.0,0.0,0.0,0.0,0.0
1966080,,1920.0,1.875,bw-mcd-snapm-inway ibw_proj_msocip ibw_disks_ipdb ,false,9878209,435180,424.98,0.415,1,,4,,0,,,1,false,,false,,ibw,false,,enabled,vol7,aggr0,,bwnap01a,04/14/2014 04:32:45,69,false,1.2,/nfs/site/stod,,false,false,45.0,,,,,0.0,0.0,0.0,0.0,0.0,,,0.0,0.0,0.0,0.0,0.0,,,0.0,0.0,0.0,0.0,0.0,,raid_dp,0,04/28/2013 15:36:44,,2001050,1954.15,1.908,2354176,2299,2,0,0,0,0,0,0,0,0,0,0,,15,,0.0,0.0,0.0,754551,Active,3,31876689,NETAPP,896667,875.651,0.855,04/14/2014 04:32:45,875.651,0.855,flex,0.0,,false,false,0.0,0.0,0.0,0.0,0.0,0.0,0.0,0.0,0.0
512000,,500.0,0.488,bw-mcg-ibw_ccview_disk0001 ,false,31876571,102355,99.956,0.098,1,,4,,0,,,1,false,,false,,ibw,false,,enabled,vol7,aggr0,,bwnap01b,04/14/2014 04:34:37,0,false,1.159,/nfs/site/stod,,false,false,0.0,,,,,0.0,0.0,0.0,0.0,0.0,,,0.0,0.0,0.0,0.0,0.0,,,0.0,0.0,0.0,0.0,0.0,,raid_dp,0,04/28/2013 15:39:04,,530074,517.65,0.506,623616,609,0,0,0,0,0,0,0,0,0,0,0,,15,,0.0,0.0,0.0,0,Active,3,31876689,NETAPP,174,0.17,0.0,04/14/2014 04:34:37,0.17,0.0,flex,0.0,,false,false,0.0,0.0,0.0,0.0,0.0,0.0,0.0,0.0,0.0
486400,,475.0,0.464,bw_cap_ibw_backend_common ibw_disks_snv_tools_01 eda_data_eda_socenv_08 eda_data_eda_socenv_09 ,true,26956982,33229,32.45,0.032,1,,4,,0,,,1,false,,false,,ibw,false,,enabled,vol7,aggr0,,bwnap02a,04/14/2014 04:34:05,15,false,1.0,/nfs/site/stod,,false,false,43.0,,,,,0.0,0.0,0.0,0.0,0.0,,,0.0,0.0,0.0,0.0,0.0,,,0.0,0.0,0.0,0.0,0.0,,raid_dp,0,04/28/2013 15:33:02,,519629,507.45,0.496,611328,597,0,0,0,0,0,0,0,0,0,0,0,,15,,0.0,0.0,0.0,205854,Active,2,31876689,NETAPP,262212,256.066,0.25,04/14/2014 04:34:05,256.066,0.25,flex,0.0,,false,false,0.0,0.0,0.0,0.0,0.0,0.0,0.0,0.0,0.0
1280001,,1250.001,1.221,ibw_disks_mcg_snv_ckt0002 ibw_disks_mcg_snv_itg0002 ibw_disks_mcg_snv_da0001 ibw_disks_mcg_snv_itg0003 ,true,29563139,0,0.0,0.0,1,,4,,0,,,1,false,,false,,ibw,false,,enabled,vol7,aggr0,,bwnap02b,04/14/2014 04:38:15,7,false,1.0,/nfs/site/stod,,false,false,38.0,,,,,0.0,0.0,0.0,0.0,0.0,,,0.0,0.0,0.0,0.0,0.0,,,0.0,0.0,0.0,0.0,0.0,,raid_dp,0,04/28/2013 15:38:27,,981811,958.8,0.936,1155072,1128,1,0,0,0,0,0,0,0,0,0,0,,15,,0.0,0.0,0.0,195527,Active,2,31876689,NETAPP,314923,307.542,0.3,04/14/2014 04:38:15,307.542,0.3,flex,0.0,,false,false,0.0,0.0,0.0,0.0,0.0,0.0,0.0,0.0,0.0
513024,,501.0,0.489,ibw_disks_ccdo.soc.tests.000 ibw_disks_ccdo.hdk.ip_releases.000 ,false,29381974,409591,399.991,0.391,1,,4,,0,,,1,false,,false,,ibw,false,,disabled,vol8,aggr0,,bwnap01a,04/14/2014 04:33:47,8,false,1.187,/nfs/site/stod,,false,false,0.0,,,,,0.0,0.0,0.0,0.0,0.0,,,0.0,0.0,0.0,0.0,0.0,,,0.0,0.0,0.0,0.0,0.0,,raid_dp,0,04/28/2013 15:36:44,,777267,759.05,0.741,914432,893,0,0,0,0,0,0,0,0,0,0,0,,15,,0.0,0.0,0.0,0,Active,3,31876689,NETAPP,143969,140.595,0.137,04/14/2014 04:33:47,140.595,0.137,flex,0.0,,false,false,0.0,0.0,0.0,0.0,0.0,0.0,0.0,0.0,0.0
614500,,600.098,0.586,ibw_proj_libdev bw-mcd-snapm-inway_arch test1 ,false,19400459,15321,14.962,0.015,1,,4,,0,,,1,false,,false,,ibw,false,,enabled,vol8,aggr0,,bwnap01b,04/14/2014 04:32:30,17,false,1.2,/nfs/site/stod,,false,false,40.0,,,,,0.0,0.0,0.0,0.0,0.0,,,0.0,0.0,0.0,0.0,0.0,,,0.0,0.0,0.0,0.0,0.0,,raid_dp,0,04/28/2013 15:39:04,,524851,512.55,0.501,617472,603,0,0,0,0,0,0,0,0,0,0,0,,15,,0.0,0.0,0.0,158876,Active,3,23471714,NETAPP,232373,226.927,0.222,04/14/2014 04:32:30,226.927,0.222,flex,0.0,,false,false,0.0,0.0,0.0,0.0,0.0,0.0,0.0,0.0,0.0
512000,,500.0,0.488,ibw_disks_AVN_EMU_USER_001 ,true,27926604,28518,27.85,0.027,1,,4,,0,,,1,false,,false,,ibw,false,,enabled,vol8,aggr0,,bwnap02a,04/14/2014 04:27:46,12,false,1.0,/nfs/site/stod,,false,false,12.0,,,,,0.0,0.0,0.0,0.0,0.0,,,0.0,0.0,0.0,0.0,0.0,,,0.0,0.0,0.0,0.0,0.0,,raid_dp,0,04/28/2013 15:33:02,,540518,527.85,0.515,635904,621,0,0,0,0,0,0,0,0,0,0,0,,15,,0.0,0.0,0.0,48703,Active,2,31876689,NETAPP,354325,346.021,0.338,04/14/2014 04:27:46,346.021,0.338,flex,0.0,,false,false,0.0,0.0,0.0,0.0,0.0,0.0,0.0,0.0,0.0
1024000,,1000.0,0.977,ibw_disks_mcg_snv_preval0004_NOBACKUP ,true,31693680,1024,1.0,0.001,1,,4,,0,,,1,false,,false,,ibw,false,,enabled,vol8,aggr0,,bwnap02b,04/14/2014 04:29:15,1,false,1.0,/nfs/site/stod,,false,false,16.0,,,,,0.0,0.0,0.0,0.0,0.0,,,0.0,0.0,0.0,0.0,0.0,,,0.0,0.0,0.0,0.0,0.0,,raid_dp,0,04/28/2013 15:38:27,,1025024,1001.0,0.978,1025024,1001,0,0,0,0,0,0,0,0,0,0,0,,0,,0.0,0.0,0.0,6985,Active,2,31876689,NETAPP,34379,33.573,0.033,04/14/2014 04:29:15,33.573,0.033,flex,0.0,,false,false,0.0,0.0,0.0,0.0,0.0,0.0,0.0,0.0,0.0
540775,,528.101,0.516,ibw_disks_mcg_crc_ccdo ibw_disks_ccdo.nbfeederslogs.000 ibw_disks_mcg_snv_itg0006 ibw_disks_mcg_crc_valcov0001 ,false,31796162,87310,85.264,0.083,1,,4,,0,,,1,false,,false,,ibw,false,,enabled,vol9,aggr0,,bwnap01b,04/14/2014 04:28:27,0,false,1.095,/nfs/site/stod,,false,false,31.0,,,,,0.0,0.0,0.0,0.0,0.0,,,0.0,0.0,0.0,0.0,0.0,,,0.0,0.0,0.0,0.0,0.0,,raid_dp,0,04/28/2013 15:39:04,,573594,560.15,0.547,674816,659,0,0,0,0,0,0,0,0,0,0,0,,15,,0.0,0.0,0.0,54599,Active,3,31876689,NETAPP,117226,114.479,0.112,04/14/2014 04:28:27,114.479,0.112,flex,0.0,,false,false,0.0,0.0,0.0,0.0,0.0,0.0,0.0,0.0,0.0
1587400,,1550.195,1.514,wsm.nobackup.01 BW-DAP_DEG_WSM_WA021 wsm.nobackup.02 BW-DAP_DEG_WSM_WA005_ISC BW-DAP_DEG_WSM_WA004_ISC BW-DAP_DEG_WSM_WA016_ISC ,true,21152900,3691,3.604,0.004,1,,4,,0,,,1,false,,false,,ibw,false,,disabled,vol9,aggr0,,bwnap02a,04/14/2014 04:33:58,34,false,1.0,/nfs/site/stod,,false,false,0.0,,,,,0.0,0.0,0.0,0.0,0.0,,,0.0,0.0,0.0,0.0,0.0,,,0.0,0.0,0.0,0.0,0.0,,raid_dp,0,04/28/2013 15:33:03,,1591091,1553.8,1.517,1871872,1828,1,0,0,0,0,0,0,0,0,0,0,,15,,0.0,0.0,0.0,0,Active,2,31876689,NETAPP,346062,337.951,0.33,04/14/2014 04:33:58,337.951,0.33,flex,0.0,,false,false,0.0,0.0,0.0,0.0,0.0,0.0,0.0,0.0,0.0
512000,,500.0,0.488,bw-mcd-inway_scratch ,true,17899421,0,0.0,0.0,1,,4,,0,,,1,false,,false,,ibw,false,,enabled,vol9,aggr0,,bwnap02b,04/14/2014 04:30:05,0,false,1.0,/nfs/site/stod,,false,false,0.0,,,,,0.0,0.0,0.0,0.0,0.0,,,0.0,0.0,0.0,0.0,0.0,,,0.0,0.0,0.0,0.0,0.0,,raid_dp,0,04/28/2013 15:38:27,,505856,494.0,0.482,505856,494,0,0,0,0,0,0,0,0,0,0,0,,0,,0.0,0.0,0.0,0,Active,2,17899520,NETAPP,22,0.021,0.0,04/14/2014 04:30:05,0.021,0.0,flex,0.0,,false,false,0.0,0.0,0.0,0.0,0.0,0.0,0.0,0.0,0.0
